"file","lines","non_empty_lines","chars","line_by_line_sha256","file_sha256","changed_vs_first_pass"
"C:\Users\udayk\Videos\fenbrowser-test\FenBrowser.FenEngine\Adapters\ISvgRenderer.cs","127","112","3851","b2bbb47bdc413d97fcec89a2ee221baa4bef6e500ce1fed3fbe7cc99a8cc486f","FA5D6D972474C5E8F181CD0620A568BA338004FE5CBE057F1090411122AFBBDD","False"
"C:\Users\udayk\Videos\fenbrowser-test\FenBrowser.FenEngine\Adapters\ITextMeasurer.cs","21","20","716","c832f1102953e7ee516bff488cfbfd98cfaff0b2e9ee216cae36b48b1412d9b9","BCE198EABAED479AAEB12FFA3E0F5ECA5F62F14A3B2500687D908617220EF46F","False"
"C:\Users\udayk\Videos\fenbrowser-test\FenBrowser.FenEngine\Adapters\SkiaTextMeasurer.cs","42","35","1454","f2a0a80266c86cacabc9c30c89641df3eedac5313752a5d54cbd00f003f9dc9a","EE0BE5B56179B9D93FC1CA5831F5509E7C49DB26D04F393739E231A35D7B820B","False"
"C:\Users\udayk\Videos\fenbrowser-test\FenBrowser.FenEngine\Adapters\SvgSkiaRenderer.cs","325","287","13202","93c9a0ed13ae561e8b74219e4194ad3eb982adf5c3d39c7fc237b768bc66d4f1","456B42DBE5C6FB9F03CBDB4E85DD12FC19A9B8BCFF0A504614293CC0BCE902C0","False"
"C:\Users\udayk\Videos\fenbrowser-test\FenBrowser.FenEngine\Assets\ua.css","103","96","3715","9e7c742fcff3b05129df9b575dc4dc26ba8882b5d0c73807180a4e2ebd501299","BF54DBACBBCD01E9BD7EBD71426D351D0307F18AAD337CC06155B9F75433A27C","False"
"C:\Users\udayk\Videos\fenbrowser-test\FenBrowser.FenEngine\build_capture.bat","1","1","1","dad66f8f3754e2c1a48441db7e4b2813a56a2ddc8b3a03523997a07de37e5f5b","A12BF2ADD59EF37A7912F305C3C3E18D34E077D35FF912ED9D5707914B484D04","False"
"C:\Users\udayk\Videos\fenbrowser-test\FenBrowser.FenEngine\Compatibility\WebCompatibilityInterventions.cs","306","271","9910","188cde37fc19d058723e553b88c828d361e4f06de6bc1b7d9267b7f7a30071f7","C7A0369C20E6F6AFF4D621756A7AFFDBB8DCDBDB7D5BDFDF45C37119710F1661","False"
"C:\Users\udayk\Videos\fenbrowser-test\FenBrowser.FenEngine\Core\AnimationFrameScheduler.cs","308","257","9588","2cc40ad75f9efbe942927fbcbbef6829e3f3d886a7c50508697bc79a551bdabf","19F1DBB73B5840DE6B2E77860E4994AD9DD7B15249AFA5FECD71D8EBBCF1109D","False"
"C:\Users\udayk\Videos\fenbrowser-test\FenBrowser.FenEngine\Core\Ast.cs","1160","1017","35169","fdebb0472e65fe78ada05b954f98a0d0df8942749012413ab5a6be0007ca3be0","31F0697DB1D79DB30CEB38DC1FBBBC462991F49ACA01D0B613CB0BE98B8D0F7C","False"
"C:\Users\udayk\Videos\fenbrowser-test\FenBrowser.FenEngine\Core\Bytecode\CodeBlock.cs","40","35","1374","a3205544cdffe3eb64aed64860a6bfd483c667f3b826f68006afa3946fad20d0","939DEAC035AD51BFE1F1FFD722E375B89D6B349573DF01983678B9210E0E1D2A","False"
"C:\Users\udayk\Videos\fenbrowser-test\FenBrowser.FenEngine\Core\Bytecode\Compiler\BytecodeCompiler.cs","3665","3254","133658","3f65c06d9e2b66d9521c9e55ab57c2afb2413b2568028a8a566790010d465150","876207FCABD14279B24C94501DCCDA413E6B7AAF599933330AE095287C8C698F","False"
"C:\Users\udayk\Videos\fenbrowser-test\FenBrowser.FenEngine\Core\Bytecode\OpCode.cs","106","95","3025","6173dfa4a4c437638b3781b8d4b9c58c64c3b94de72f97dc1de72626ff92377b","A05473326229D2B2ABD67F82B338D41644A2BC2B9BB12BCF6E14E20CB5A636B8","False"
"C:\Users\udayk\Videos\fenbrowser-test\FenBrowser.FenEngine\Core\Bytecode\VM\CallFrame.cs","158","138","4888","ab8d3bc833d42ed0cc57245f04cb021187b3339b1c2028e06841163cabe8619f","B94394BEBBF385E9419636EAE4A4FAF8831D9A12090CAB745DE547B122D2B842","False"
"C:\Users\udayk\Videos\fenbrowser-test\FenBrowser.FenEngine\Core\Bytecode\VM\VirtualMachine.cs","3049","2720","134077","c2bf2efaf3351d4dd1b69ee36a859a316da70fd87aa661d7ae280bc9531e7711","2F6D2F74E63C85B39D0FB4B3CB10FDEF3286D7079AE87AC6425D6B168C9D9E8B","False"
"C:\Users\udayk\Videos\fenbrowser-test\FenBrowser.FenEngine\Core\EngineLoop.cs","152","127","5069","6030b6c74595edcc7172ee37ffb337c2b4685f430ecd65e5dbfccc2188efef20","6099FDA15BA1DAE27DA04186DEC067483D80C1CBA90D396A16FE56CB16D45C00","False"
"C:\Users\udayk\Videos\fenbrowser-test\FenBrowser.FenEngine\Core\EnginePhase.cs","70","63","2803","0f91a0ebf80c4ffac59d407a431728891d77eee03a7d54ba2a72a76d2345aac2","9718E840EE55EBA4B5610155CD5B4661DAE624C352027CC46688DDA4DBD67D0B","False"
"C:\Users\udayk\Videos\fenbrowser-test\FenBrowser.FenEngine\Core\EventLoop\EventLoopCoordinator.cs","380","329","12012","b72dd5288865e3f410a1bc7de136390e199125f6cbcd06c3462deac040ad2768","AF8F2EF814F21B4B82479A1F6695D373F7B1CE77D207868B4E3194FD6E2C8B12","False"
"C:\Users\udayk\Videos\fenbrowser-test\FenBrowser.FenEngine\Core\EventLoop\MicrotaskQueue.cs","148","135","4141","3305cb1f1920d51ea2c15a24e2692cf7ba726b9fca83c0cf2a83de26ba2f52a7","33C2CC67BD999C4A1B50D570303677490069B2D41DEE0A7C61C97BD1551EEFF1","False"
"C:\Users\udayk\Videos\fenbrowser-test\FenBrowser.FenEngine\Core\EventLoop\TaskQueue.cs","129","117","3597","191f80c6570328340633187c2f6809c1562b93a4448b5c3d746060f87eac0b6a","EECB15AE840D760C8DF05185E3479560E451F2B7B90035C100F3C8E150780D4B","False"
"C:\Users\udayk\Videos\fenbrowser-test\FenBrowser.FenEngine\Core\ExecutionContext.cs","107","94","3521","affe14b0c720a95ce2056e606ef24f0eb5da3c59787d3935acb553f2d48388d1","69ECEE2D6AAFC211B86D090127F1DC405FCE22349126407B1D61529652BF74B0","False"
"C:\Users\udayk\Videos\fenbrowser-test\FenBrowser.FenEngine\Core\FenEnvironment.cs","310","260","9080","29bd87db87e18a6550ab9ef159b05e31d280f20267b3e09e50f8bda43d6a73aa","93CE75EA742AAB252CD62888DDA750638F8A71063A1B4188EAB601C45FF2F0D8","False"
"C:\Users\udayk\Videos\fenbrowser-test\FenBrowser.FenEngine\Core\FenFunction.cs","275","238","10953","fed2aa51df5c8f5c7af31a332ba5b5bb8ffe9ee9065a08bdeb8953bb7b4107f6","B894F860ADB8CA879CAAF3211C04D595E7ECB0D37D0569C868AE3097E26591FF","False"
"C:\Users\udayk\Videos\fenbrowser-test\FenBrowser.FenEngine\Core\FenObject.cs","603","526","23689","a7fa9d56cea72f765bb47095523c32e441cac09da9a5f21ae0902ddcd1f6b18d","9CE569FA242B9C30D3B347E359A621A3A7F07F320F4A2B41B9E99B387D1A33C4","False"
"C:\Users\udayk\Videos\fenbrowser-test\FenBrowser.FenEngine\Core\FenRuntime.cs","14195","12490","655483","b77d3004c4645e6cbc53e3a032c3ff0ca43fdf36f35a0a95bea6ea6c161c63d1","BF34856104B22523C0773BE2EB4B75387612B775F34681FA8B3938CDDC08EFFF","False"
"C:\Users\udayk\Videos\fenbrowser-test\FenBrowser.FenEngine\Core\FenSymbol.cs","196","171","8194","239d81a8da22ef1fcc007f25586ed57190ec25aacbd2be87cc5f22da46fbcd29","BC172EF754C18AA4E7A71E546320D883E9BFF34FE2E300CAC6B76E3F1075D5DA","False"
"C:\Users\udayk\Videos\fenbrowser-test\FenBrowser.FenEngine\Core\FenValue.cs","591","515","24248","dfe5bbc73041ce8018351e3a968ddafebc06a15cf9b3b555a38603cdbbd7d6a0","FB5BB8C72134C1A406664977AD071549664B0AAB56127135D61B53105F5E83E7","False"
"C:\Users\udayk\Videos\fenbrowser-test\FenBrowser.FenEngine\Core\IDomBridge.cs","21","20","829","588040f69c23ce7a1c0367ca18126c9b772bf331d9860a920cb422ae246b44a8","B546693671B43517A254167C57084A0827E3B5A2EC54129B4B62C8A686D3C3C5","False"
"C:\Users\udayk\Videos\fenbrowser-test\FenBrowser.FenEngine\Core\InputQueue.cs","426","376","13941","da86773728476d936c3e5ceec294eb2e49cd1322d77fe2e7bf945731699c6005","5C04FA5794F5787209817AF524A2589674FA44F779430FC10EB104BFD124E700","False"
"C:\Users\udayk\Videos\fenbrowser-test\FenBrowser.FenEngine\Core\Interfaces\IExecutionContext.cs","134","111","4116","2b9ddac268241705cfbe3a7cac5cfe47b24ae1521fafcaacc084f77f40ffa7ce","96168FD90361B2AFBEA7F44D5D9B0469B3EB348D975824E52D91B1277E962760","False"
"C:\Users\udayk\Videos\fenbrowser-test\FenBrowser.FenEngine\Core\Interfaces\IHistoryBridge.cs","11","11","305","86aaa03e361a76560fbeec05bc77432426b2699f9ffac8e947aa566baaaeef9f","22D48C8A946B54931AE60DF9814A0DF79BFFF551D71EB89A3D3C455A943392A2","False"
"C:\Users\udayk\Videos\fenbrowser-test\FenBrowser.FenEngine\Core\Interfaces\IModuleLoader.cs","22","19","617","86190d1d2f702add144a279b2c86317d744f3daf1513cfed214530fa71568706","36739E1549D644FB426085F9630F570D3F3948DE7EF60DCC57F1DA8715048EA8","False"
"C:\Users\udayk\Videos\fenbrowser-test\FenBrowser.FenEngine\Core\Interfaces\IObject.cs","78","64","2549","6618ea1e6eaba52e9ebd03dedfa2d0ef5f51784b8df388120dfff4d7c946c57a","A3AB2B9655FF6E4CE96248728FD9C2966C7101E2AB234EB6F848137E13CDE8ED","False"
"C:\Users\udayk\Videos\fenbrowser-test\FenBrowser.FenEngine\Core\Interfaces\IValue.cs","93","81","2405","887b62011bfc2bbbbe1c5bb7b71f6262e96e93e612f7c21c59e89ff82d20a5dc","EE90E941CFD4E3C1E05BC1B2963A49C39ACFD8DF3632F3C3806A9EB416BD5462","False"
"C:\Users\udayk\Videos\fenbrowser-test\FenBrowser.FenEngine\Core\Lexer.cs","1768","1639","66527","6bec8129890e6978b0100bae74a6355bf0f1f4c60463e02caaa5764af49d431d","B8AFD7A8DB0F0A196FD074E00D04D8943FEBC2FB66F45E1F25B208250F48668E","False"
"C:\Users\udayk\Videos\fenbrowser-test\FenBrowser.FenEngine\Core\ModuleLoader.cs","518","450","19044","38f836cf841d81c87edf53f946c00c641f884ffdd631573fa0738e2d69d1e4dd","F07B65881C98937DDAC5531ACBB3DBF87FA58DAEE84C446C93843FE6E2FCF135","False"
"C:\Users\udayk\Videos\fenbrowser-test\FenBrowser.FenEngine\Core\Parser.cs","5548","4829","215320","7052c130f2a442d0044f7e366d1ffb977db6247dd2a2ef16bde8b574badefcb3","571D21F609D3AA0CBBF20B99E7063D783A35AE063F7BAEFD6511ABDAC39D5C16","False"
"C:\Users\udayk\Videos\fenbrowser-test\FenBrowser.FenEngine\Core\PropertyDescriptor.cs","89","79","2856","4ff697d6f33fdb10183d983cfde4e0c0e2267674e6cb8211b2816994043a9c12","F1E653D48267D8C5CDEAA60FB13DDB77902E0D178C6DC86C17C20CD1E90DBA0C","False"
"C:\Users\udayk\Videos\fenbrowser-test\FenBrowser.FenEngine\Core\Types\JsBigInt.cs","209","168","6815","386fdabf89ac7852fe6896d2e1ee23d9d671f968b5b1f8551db6586eacddba4b","5179E0AF31149D028DB73C1C1AF4B27751BEE0B1029074B82DE38D46BAF1FB90","False"
"C:\Users\udayk\Videos\fenbrowser-test\FenBrowser.FenEngine\Core\Types\JsIntl.cs","122","106","4965","312a2a2786965ad78110214a1aecccae2169906243753d022377ac1f09179b44","6259FBF0170010E2D063F906F27C07193F7B56FBEAA53F6410C6EEB7F4092B6B","False"
"C:\Users\udayk\Videos\fenbrowser-test\FenBrowser.FenEngine\Core\Types\JsMap.cs","135","116","5674","a2dcde4ddaf1a9aff5d5c457f31572f1ddeeea72e29134c046146dab380e8058","48DCFE1343558E4FF784D75452331E5B0031786DAB87D601414320CBCAE47F65","False"
"C:\Users\udayk\Videos\fenbrowser-test\FenBrowser.FenEngine\Core\Types\JsPromise.cs","549","480","21973","e11499fc88814e3be301df77645003611417a4b25e8688723381b3f85490382f","3F3A363B3B71B1B382A6C1D25807890650A97CA2955318BFBA840B7037C4E3DF","False"
"C:\Users\udayk\Videos\fenbrowser-test\FenBrowser.FenEngine\Core\Types\JsSet.cs","205","179","8945","dda808bd4580f175ec22a7ddcceab25f4d488dcdccf78bda3b3a080f888783fe","E0A5DFA42AA68C779B2FA0D303E2D8819B8A7F5A471383C6C948F3DB07002F71","False"
"C:\Users\udayk\Videos\fenbrowser-test\FenBrowser.FenEngine\Core\Types\JsSymbol.cs","190","163","6238","8899c057ec9cc9ae543f0d976ca1ffa09b9bec8e5915ddbb9297d1e32bfcd491","946688F8B4EA60989994C3BA9E75574140FA71B8359C7ED3C4405DB66239A3CF","False"
"C:\Users\udayk\Videos\fenbrowser-test\FenBrowser.FenEngine\Core\Types\JsTypedArray.cs","525","481","25963","a8a60fddb551d2e80f2dff10af6fee06485dcae77ebf09bc36c1d97b35f116a1","5D067405C810A66801990DBB1F35419D550F2730E28CED9075232929E20203A7","False"
"C:\Users\udayk\Videos\fenbrowser-test\FenBrowser.FenEngine\Core\Types\JsWeakMap.cs","61","52","2296","40b2d8f729918258ff76d73905d497ca0cfeb2c770e77d0fff9505384357416e","AF7A19E77E6EF86401F0ED5F091B1FECD6917E94A397DBB9AC00FFEB90EA68B1","False"
"C:\Users\udayk\Videos\fenbrowser-test\FenBrowser.FenEngine\Core\Types\JsWeakSet.cs","53","43","1959","93c46b26266feac932c4345e586801c11ec5325d4723f6060c82216484f6af31","E2595ECC79ECCB92A357567F0DED7A448CFDC073C90BC72C9C8A3268DBA4C533","False"
"C:\Users\udayk\Videos\fenbrowser-test\FenBrowser.FenEngine\Core\Types\Shape.cs","89","76","2982","0ff1022660b60d147096d49625be0f3ca5ebf45282d7ede908c3d6c9fc83c9cd","6479A6A6B50BE63846DEF8E6787038B43FF57A6CD893DFE228CA4F4C28BBFCF3","False"
"C:\Users\udayk\Videos\fenbrowser-test\FenBrowser.FenEngine\DevTools\DebugConfig.cs","135","112","3774","30d920762ee70b8bbfcde91f65f37cdf3a5dcbada19a178ee42f1422b3bf3e81","8079D12AEB8096EBBB6B708E07DCC13B98D255469C9F5E51855E702AEA8CF1E2","False"
"C:\Users\udayk\Videos\fenbrowser-test\FenBrowser.FenEngine\DevTools\DevToolsCore.cs","1063","916","35788","2e98647410e245ebf7049f263e73cf7fcc17fd708630ba25e5e40e80163e92b0","12AC3D5ED5B55A17456883B82B35A6DF34DD821643A5606DF009A5008CB79167","False"
"C:\Users\udayk\Videos\fenbrowser-test\FenBrowser.FenEngine\DOM\AttrWrapper.cs","104","87","4315","4b3327b2c835bab427e0ed9f4470389d506e88d3c4ed2cea313e80864ef4e073","29EB200824776A4318387647209D862D5F118010E31BF3D041447FE5EB131054","False"
"C:\Users\udayk\Videos\fenbrowser-test\FenBrowser.FenEngine\DOM\CommentWrapper.cs","39","35","1111","6b91d6b182507d4dee18c5c0ad456447de0ff583ee3bb1e079846eb5a592883c","BBFC62FB5796AC0C65598D1C53DB0B63D9266B575B8BF2912DCE7B66438B9A14","False"
"C:\Users\udayk\Videos\fenbrowser-test\FenBrowser.FenEngine\DOM\CustomElementRegistry.cs","373","325","13838","36e3a782b2e69414a47efa15f29c381a4fe73a6f8a0fc7c2bb93561e8acd1d70","ED47960441B5CBA0D11B77CB28079146E8606A223BCAF3CB9B4A9F9EA5B47A6A","False"
"C:\Users\udayk\Videos\fenbrowser-test\FenBrowser.FenEngine\DOM\CustomEvent.cs","66","57","2153","e3de7b35ec04afd48450bf94d1256e76ec00d9d35e9551c00fd31a1383ca64b3","B62080643B88C050301BFE7BBEC35BBEEC3E8BC5B6215B3204A8297A0F583365","False"
"C:\Users\udayk\Videos\fenbrowser-test\FenBrowser.FenEngine\DOM\DocumentWrapper.cs","761","643","32197","57eba692eb354e7df811a37ce23464db05fd9bef7ce7ea8fdf2d4be4e9422b44","549615034896FA23FC0885C8F4640137E12DF1EB9C41B993C51196BCE7875EEC","False"
"C:\Users\udayk\Videos\fenbrowser-test\FenBrowser.FenEngine\DOM\DomEvent.cs","335","293","12767","82f81e90192539c5813e76f45fa7b9491ed71994fb1bffb99e3514d8c1bb67aa","F02A829DB71A20C3C7BB1C7FAA4065CBFB08CA89A971D7D58D996BFBA0E9DE60","False"
"C:\Users\udayk\Videos\fenbrowser-test\FenBrowser.FenEngine\DOM\DomMutationQueue.cs","178","158","5382","deb0ee727fc77b1698855165165f6560d72fbccf43a4939fabf3a690eb9fbedf","EC7D49B2110325C062B40E134DDAC6853EE81954FE6E12BE8C344889F5946535","False"
"C:\Users\udayk\Videos\fenbrowser-test\FenBrowser.FenEngine\DOM\DomWrapperFactory.cs","46","40","1857","5058cd98997c6ae589244f08d350cc93d85842bdcd633c2f8d49c46fed288896","F7166E1B5E0111C7CB07F6C32848BB3E51F695E639758E04F23F70E459EDC6B0","False"
"C:\Users\udayk\Videos\fenbrowser-test\FenBrowser.FenEngine\DOM\ElementWrapper.cs","2140","1800","84886","f41bd7cefd840ca2eff42d8bb8bada807bbc7198a1a5fbc15fee020ab425383c","FEFF059CF3AFC7980D2B5152C153A4F4079C881E3B3466375B9FE41135AA4347","False"
"C:\Users\udayk\Videos\fenbrowser-test\FenBrowser.FenEngine\DOM\EventListenerRegistry.cs","249","207","7985","d2e9a408ed2d39476d821c76c1e71aba9e240a38b6234dda732add86837758e0","BFF3FD0761BF27B51BCFAB32DA22543AB76742C48478D3F3E0C318F3F20F01A4","False"
"C:\Users\udayk\Videos\fenbrowser-test\FenBrowser.FenEngine\DOM\EventTarget.cs","424","366","18188","13c56e7cccdf3a40831880dc381e4a67f814c3e208977e13888e0a25876311f5","79D373B1126E8DC7401C765426410E2153898CFC08DF2B7754FE31C16E1A0853","False"
"C:\Users\udayk\Videos\fenbrowser-test\FenBrowser.FenEngine\DOM\HTMLCollectionWrapper.cs","433","366","14040","1a7fd58a1c4c112daec54f9a0556da9899f0bcddde79f53d4c6f3dd238c51f04","34DE8C1CF9097E9AB486C9AF3C66ACE8AE7899610EDD42696F419E5F61662430","False"
"C:\Users\udayk\Videos\fenbrowser-test\FenBrowser.FenEngine\DOM\InMemoryCookieStore.cs","202","180","8245","978d959100327fb000e431b491b1e6d2a052e7d452e6475bdeeca57709f08b57","269104603B261C4923D612545015C69DCA8FC4C40D74CA61E5846521719E907B","False"
"C:\Users\udayk\Videos\fenbrowser-test\FenBrowser.FenEngine\DOM\MutationObserverWrapper.cs","220","192","8867","86ef1594417c5fef3734cc90057a6dc0ffc254e3f6f9a2aaf4e790fff7ace8c7","AB25B053B2344A2619BC356CEF8C98BF2A698E15B76EEB3D37CF198B0D214C3B","False"
"C:\Users\udayk\Videos\fenbrowser-test\FenBrowser.FenEngine\DOM\NamedNodeMapWrapper.cs","171","141","6667","9de74bee54ce714cc867775b83736fc2501d33c8ed68f72d2c38c66967e144fc","D7ED73C75D643FBA0623A4C8FB809C3BF53E4CABC9F062155E5E4851BE30F1DA","False"
"C:\Users\udayk\Videos\fenbrowser-test\FenBrowser.FenEngine\DOM\NodeListWrapper.cs","92","79","3506","2c67228cdb0b2a41e91d3580988b7619a5fc0d6a74ee71935f8d19b75fa0fa68","D171CCD3071931DADAD5D359E6896695519BB5A24A496F1CB5BD76D00C970DD8","False"
"C:\Users\udayk\Videos\fenbrowser-test\FenBrowser.FenEngine\DOM\NodeWrapper.cs","366","308","13077","37459808980e4040d40a5b03d1c0739fdcd259ee279b9f5133319a76fa7f99df","B793E6AB37F3DB80C264F79E8B1DE4047C454CE621597481BBAB982B0CF75B1F","False"
"C:\Users\udayk\Videos\fenbrowser-test\FenBrowser.FenEngine\DOM\Observers.cs","268","233","9426","8f35af268f04d54ae75ebd4c93255c0c86fa69875a7ecde7ea2ecf05b52f4939","AD8CC4C55645AD3EDE7BFF2F633B87CE7EDE575652DD56EE4CEA2A51612DFF8C","False"
"C:\Users\udayk\Videos\fenbrowser-test\FenBrowser.FenEngine\DOM\RangeWrapper.cs","95","79","5616","79d3f366451436ef99d9b45b9df61f119ab3be86dfb6ac3e0a10efcaac192ac3","DB1A50F0CA6B2F57A9AA72210D213AD51864965BEE15D12D14E78346EE17C207","False"
"C:\Users\udayk\Videos\fenbrowser-test\FenBrowser.FenEngine\DOM\ShadowRootWrapper.cs","88","73","3122","ac09c2049843bd142068929a2cd1ffa474c3ee1c849bd2a968300881d3aaa263","E0EE49DAE3A0F9F386836B489A2D5AA5072FD7913E69924E67275A6886206053","False"
"C:\Users\udayk\Videos\fenbrowser-test\FenBrowser.FenEngine\DOM\StaticNodeList.cs","25","20","681","35500d9ecb2fc9c2bf3958f0d14ce27e923c8abe99adfe3c1fa237c6a7bbd087","ABC4D8E6FDEEF03C45D6E541F715E826AB70C9B6A7826C9DE510172953810415","False"
"C:\Users\udayk\Videos\fenbrowser-test\FenBrowser.FenEngine\DOM\TextWrapper.cs","44","40","1310","ceebf880c4181d448d1de6cc1be6fa32c1782d9862418dff7dd0b152135ad8cd","F2E1CA4EEA13756A1FE624E1E2B2C4CF29EECECE0D3BC4F9AF2BD9504404B949","False"
"C:\Users\udayk\Videos\fenbrowser-test\FenBrowser.FenEngine\DOM\TouchEvent.cs","152","137","5178","2f78affb5d191971fefd6ef0efd2936b77c61aab33da4381a7a72a99ebbfd7a0","38103F88DA83939F37D59E24209879EC5E9CCCE02E5026D006D9B10AF9CB894F","False"
"C:\Users\udayk\Videos\fenbrowser-test\FenBrowser.FenEngine\Errors\FenError.cs","113","100","3268","6b1fd29fb406cf0b310cb0aaeb876165c566751b4d76cd6250248fc74c6e4bef","68B53B8C4AC6AEFF542514D3720BF21D0082FB1B3F0CF9AC74CE2FA2E5417B7E","False"
"C:\Users\udayk\Videos\fenbrowser-test\FenBrowser.FenEngine\FenBrowser.FenEngine.csproj","22","18","715","2075efdc76add36fc9e6d2199d82092c44be887d4e36fc52086dd81f53a1ea4d","41B6A75D1AF88D22A7315D82A0F151450F91670B8DAD7E2EFA88D1AD27929DE3","False"
"C:\Users\udayk\Videos\fenbrowser-test\FenBrowser.FenEngine\HTML\ForeignContent.cs","333","301","13883","34463bc7fd18cd413e4a9eb2a2d579fe4a900e2053b66f2c8d822ce0474e8c8c","2E1E9225C8CF7B0493F92E6593D8072A3F069792FCBC6C9BFBE4DC477585002D","False"
"C:\Users\udayk\Videos\fenbrowser-test\FenBrowser.FenEngine\HTML\HtmlEntities.cs","482","452","15430","bddccac0272b755e699be6bb9c9e3bb71c5e09333dc2e9a3adee08373f7d22d1","120B43F7B37EF9F31B6B21B7A90FF95273781E4BCD0D62F2094DA936E3BD9AEC","False"
"C:\Users\udayk\Videos\fenbrowser-test\FenBrowser.FenEngine\HTML\HtmlToken.cs","101","86","2711","2db8fad758ff63500cfb5bc52965da800d0718957f28642fb3a8e84555050971","BF95F2BCC74C392D886E02F891A7D9F2AA650B41C7E4A25A533E022A9A963804","False"
"C:\Users\udayk\Videos\fenbrowser-test\FenBrowser.FenEngine\HTML\HtmlTokenizer.cs","1546","1451","47155","35ffbc64a6ab898fe5a53e555c5aefdcf429e49d2d2cd33c7e88ada84a79f75d","FD2689C6DEA0E80B4EC024ADADACDBEEB05DED76F161E0DD3B40439FB116FFEF","False"
"C:\Users\udayk\Videos\fenbrowser-test\FenBrowser.FenEngine\HTML\HtmlTreeBuilder.cs","1561","1424","62528","6198a75396b019cfac4496a948ba214a52ef63cc3ab09a5795f702c4d9fa1a23","49B8307562346DE1D785444CEE831C32337ED999D82C8DEC0F41E351BF52B66A","False"
"C:\Users\udayk\Videos\fenbrowser-test\FenBrowser.FenEngine\Interaction\FocusManager.cs","122","103","3596","b0c6822eb07b705d4a39dcfb4747fe1d85bd2eed721b4befefdd4b99ccba11ce","C58163C03BBAFBA2789D13B5BA5D8B556AE9DB69800C3B99F0B4A52CC2EFE49C","False"
"C:\Users\udayk\Videos\fenbrowser-test\FenBrowser.FenEngine\Interaction\HitTestResult.cs","97","83","2655","23ff9f0e69e715412f22832c3b5e1964d68247bd2214cd6bb6f4639880bbaf50","F6E832859815182C7134406B90F2408D239DF23A97FA5904133754449C9D30DE","False"
"C:\Users\udayk\Videos\fenbrowser-test\FenBrowser.FenEngine\Interaction\InputManager.cs","242","218","9447","af51343d68276c02b58ed0b29dba0217c4d160535c6462d5f6f74dd84abd5990","F26854776251BA82803790C1D16038993EFE3EFD0FF8D28AD85A1E3F6D570D07","False"
"C:\Users\udayk\Videos\fenbrowser-test\FenBrowser.FenEngine\Jit\BytecodeCompiler.cs","426","379","14964","a6aee7417abb62c777dcce2d5d2fdd74a6a6969e11dcb377badf0ba79c901a35","8C62940382189536070B49A51B49D6296645D19503A9C4DD8BCB525398CE5155","False"
"C:\Users\udayk\Videos\fenbrowser-test\FenBrowser.FenEngine\Jit\FenBytecode.cs","87","74","2573","3e1365306abed3d02bc2326d72cc99fc9b36e46b47af07556dc500e09eeca88c","97BFB6EC80A5576ABEC64E769B2A71B8A04FF7ED8B4CB691E2FEC719CD00FF1D","False"
"C:\Users\udayk\Videos\fenbrowser-test\FenBrowser.FenEngine\Jit\JitCompiler.cs","462","399","22379","dd1d066c0c1ad81ff36ae68b64b2dc58c291688345098a5f0d4c31d2d4fd0d2a","E5C1381ED1B5ADC0510B5895755619D47F93E26C73E251CB6CCFE73CCE64C10C","False"
"C:\Users\udayk\Videos\fenbrowser-test\FenBrowser.FenEngine\Jit\JitRuntime.cs","65","58","2154","466d08cb6c10d8ac3bc30ba830fb0b7c4d2cc9cb35e9335c7c08b60cd7fef889","5C86997D0100230762629B633C8F32F11E2DB1E5343DEBA1258FC4314A68A2CD","False"
"C:\Users\udayk\Videos\fenbrowser-test\FenBrowser.FenEngine\Layout\AbsolutePositionSolver.cs","394","339","15740","2ddd3e071cc95c16608fbef6d3602cda034740a99e26997dda3bd39ef87af9f5","F045060A0B3BCF0731EEC6F935E38A3A5B4670938C3E9AEED5282A614CBE1F19","False"
"C:\Users\udayk\Videos\fenbrowser-test\FenBrowser.FenEngine\Layout\Algorithms\BlockLayoutAlgorithm.cs","700","588","35247","22fc66bf9f284e220a643549a42ecfdd6550485193d3fe07df800e07c988bd8b","67DE16DCB295D7F6C9F56A0D78F471EFD936D14A01EF9392B961BCE06989E629","False"
"C:\Users\udayk\Videos\fenbrowser-test\FenBrowser.FenEngine\Layout\Algorithms\ILayoutAlgorithm.cs","20","18","569","ce29702d99cf429a6b1794cc178d8b07ca579ea2e97cfcb426fb1efabdd09372","AC9839F9091CB17C08B2897541CA58427534C7D379FA6CEF147D3EDA1F85DDE2","False"
"C:\Users\udayk\Videos\fenbrowser-test\FenBrowser.FenEngine\Layout\Algorithms\LayoutContext.cs","43","38","1592","eae82cd6fb3f8cef74c633027e1d8726e131b7f9083de98cf84e122ecaea1e2d","1F1F013C2373034070E02A1889CDEED088B87A8E15DDB9C6637BA3D36DF4093C","False"
"C:\Users\udayk\Videos\fenbrowser-test\FenBrowser.FenEngine\Layout\Algorithms\LayoutHelpers.cs","110","102","4340","2580747e926c01a6dfbdc6b5458c9831b3db18134d2561db315019b81c9a5ccd","66F85F14E498FFB456C492DD9F4BB04C47FC628D681DBD9A4B2B29C65BF1BA54","False"
"C:\Users\udayk\Videos\fenbrowser-test\FenBrowser.FenEngine\Layout\BoxModel.cs","138","119","3845","3688ded082039c5767b7a4468f2380c71c46a9a25b8f5f0c9e211877db6c368b","DDF3E3911D146F8A031CB15D8D9FB36E3EC75ACBC2080888B8A6AFE19A03ACD7","False"
"C:\Users\udayk\Videos\fenbrowser-test\FenBrowser.FenEngine\Layout\ContainingBlockResolver.cs","245","217","8733","f542748ffc798fbbe91a03ef14c1d3f4f5681f19e6a064deca118edf9136161e","8BF50BB7E2184006ADA1A34C296E8A0A0BEC0C7F309A651EC2A3DE493818C805","False"
"C:\Users\udayk\Videos\fenbrowser-test\FenBrowser.FenEngine\Layout\Contexts\BlockFormattingContext.cs","698","601","32098","6a2b51fa14c82897e135e2715901dcf114e22c9b191ee6e01f71df1780103024","C98B47306564C02DAABD1A72944305A1E7A1560C9D84D428B0156A4A2C4723B0","False"
"C:\Users\udayk\Videos\fenbrowser-test\FenBrowser.FenEngine\Layout\Contexts\FlexFormattingContext.cs","1683","1479","80491","7b6265f1fa6069e7d834c9a35cea03ff1a077f4193d7f0a76bfcfd81ea046a33","ECFEB659B5B4EAF43161EA28E36379948C9C9C1102EB6187F489EECE1AC1896C","False"
"C:\Users\udayk\Videos\fenbrowser-test\FenBrowser.FenEngine\Layout\Contexts\FloatManager.cs","98","86","3237","71a49d0393661cde4f18a0ad7e462970ec8dc7d3726dae1bf698f8664575d0e3","ED0DFB39042DC50D44705639C0D28704A4DA0E7F4B7FA713BA20287F6CD8ED56","False"
"C:\Users\udayk\Videos\fenbrowser-test\FenBrowser.FenEngine\Layout\Contexts\FormattingContext.cs","131","111","5221","120f1d2718b2f26184c6d821cd08435c3e097d1014158cf23b37c97abbe058e0","8E38AA9CBE6F0285CA798167EC5A16E165BBBE4E7217EB8851186F38E644A863","False"
"C:\Users\udayk\Videos\fenbrowser-test\FenBrowser.FenEngine\Layout\Contexts\GridFormattingContext.cs","288","244","10592","2b0cda53b0ac36d5776b81a17c617312f82c91335256e4f2d134d93157b5bcaa","E0AE3FF2DEF0112F8F0740B672113C0AD56A21AF91920774D645881EB5363E56","False"
"C:\Users\udayk\Videos\fenbrowser-test\FenBrowser.FenEngine\Layout\Contexts\InlineFormattingContext.cs","962","824","40426","54b4f3c94050bb382b350f90f86aab9a02408b17b7998f399e1d64417afd4b0b","558287EF302A0209849F3F5B42620581C1ED9C2498346EAEF8CAC5534D26C8EE","False"
"C:\Users\udayk\Videos\fenbrowser-test\FenBrowser.FenEngine\Layout\Contexts\LayoutBoxOps.cs","59","50","2249","c80f35ac01840526efab048b1753c1c5ba13352d263f7ca25649bb89c6dd99ac","02A6D02425BDD54CBC001B728CB9B79545B644FC813A1A0D72A3F9E4C3BEE343","False"
"C:\Users\udayk\Videos\fenbrowser-test\FenBrowser.FenEngine\Layout\Contexts\LayoutState.cs","57","49","1808","8bde1a67e0316eec91146c33d8904a52303dc0fdc4d65a4cc491ca55946a9e13","C4ED723C072C1448342E9E696016FE044F5D54FFF33520931B359B3D33B593E0","False"
"C:\Users\udayk\Videos\fenbrowser-test\FenBrowser.FenEngine\Layout\Coordinates\LogicalTypes.cs","90","77","2381","f672cd40cc8a0b9aa087b50633a39dcdf8ac22aae16f42caec02500ae8f10a0c","D14797A35EA99799980D31037E4B5C6781E4DEA73FDF20A12FBE391D03E5E1D5","False"
"C:\Users\udayk\Videos\fenbrowser-test\FenBrowser.FenEngine\Layout\Coordinates\WritingModeConverter.cs","108","97","3911","d5ae41ae9fdfbc8bb1c72e9e6c9f0c860dc3c66c6d8e149391648cdae0d08ac9","3A7DE79D2E6A8E9098F996859D76CF41BEE0848D795E8F52F6EDC01D7DBD41F6","False"
"C:\Users\udayk\Videos\fenbrowser-test\FenBrowser.FenEngine\Layout\FloatExclusion.cs","191","162","8302","057f591c58134551aa49c4ad3567a6a4d904bb9c8cca5f9fe4b1b6e88f315e48","2E9327B975BC78EEAD3270971F8FC955210DB92D495A03B1484EED44776E813A","False"
"C:\Users\udayk\Videos\fenbrowser-test\FenBrowser.FenEngine\Layout\GridLayoutComputer.Areas.cs","71","64","2303","f0c780c36a097873f2e8295dee5ee6f87c9eb220124ab276ae8e55ed09f66919","E36CB82FD45B3B645C2D316D31CFD69EEB9D47018FBA0405A6C04EB46EEFDD9D","False"
"C:\Users\udayk\Videos\fenbrowser-test\FenBrowser.FenEngine\Layout\GridLayoutComputer.cs","1069","913","48039","3e963ddd0290004d99dd8e65927cffb8efcf7651c3604605141e93bcc51cb0e4","C17A939F20AA98A957C7CF18D89B0465B244C4F634E1836291DB2C1E62C0B878","False"
"C:\Users\udayk\Videos\fenbrowser-test\FenBrowser.FenEngine\Layout\GridLayoutComputer.Parsing.cs","276","240","10448","08a8c04c50f46e2d4895f72fc96fef2104e37e16243a2b6446dbe5233eb09324","A247A8B17400576BB7882B470D899512DB538B9AAD18A468F9849FDBC499FD24","False"
"C:\Users\udayk\Videos\fenbrowser-test\FenBrowser.FenEngine\Layout\ILayoutComputer.cs","73","61","2458","5fcc2a9ddf40a21ae0adcd054fc28704cd64a88bbab1c8e49131ed0b0bfbbf8f","7F1F510AB077D544C0F6F7CCF9C1FA15F9F532D6C9D9CCD8646B82216150B664","False"
"C:\Users\udayk\Videos\fenbrowser-test\FenBrowser.FenEngine\Layout\InlineLayoutComputer.cs","1113","957","54777","c3a9e0dd3043c090dbabf143624761334876bd796b77df0c3635316c75b19fcd","DF6211297F5E4078D3AE66932F6AD16A34A40C0095FAAD12611C762A75A492AA","False"
"C:\Users\udayk\Videos\fenbrowser-test\FenBrowser.FenEngine\Layout\InlineRunDebugger.cs","274","239","9536","9149158cb067d0d548af3231b502ac40c0efa8c3ce4fc1501372d5214c3cd6eb","AE50561335915E9CD6A38E86FBD94E04A0E7ECC9093392AF8DC557DAE2DC9245","False"
"C:\Users\udayk\Videos\fenbrowser-test\FenBrowser.FenEngine\Layout\LayoutContext.cs","103","90","2960","32999e8274b1f3a7c1529770b54db28b7641ccf643a34d12513743d5150055cf","94B3C7CF03169D2D466FE765AE87E82D3AF7703CCEC25F843B353DA318F0F144","False"
"C:\Users\udayk\Videos\fenbrowser-test\FenBrowser.FenEngine\Layout\LayoutEngine.cs","401","335","16268","b25b90fe9fe37de645e0caeb23a5e58570926e6ba92f93f5f46c77ed5ef04e61","D025F42CD527BB819F99F2627685A5432DC89E02FAC8D3A3F4A5C2A20B856625","False"
"C:\Users\udayk\Videos\fenbrowser-test\FenBrowser.FenEngine\Layout\LayoutHelper.cs","244","212","8861","24ee5b523d42929ef432f37ddb10e4a64062ba5cc24c78e393b98f13d9dac4f8","D4F881CE16B45775A0864DE70CDBCE6029B16BFDBF964DD7F12FC29A41FEBA55","False"
"C:\Users\udayk\Videos\fenbrowser-test\FenBrowser.FenEngine\Layout\LayoutPositioningLogic.cs","191","163","7155","3bc8b33dd601113e253f5bc11a0b90c126ee0a0af3712ae469ab021bf853adb0","88D03591A2041B249412ACB9292604150C5949FB0BCC0E62AE8EE75D60759AE9","False"
"C:\Users\udayk\Videos\fenbrowser-test\FenBrowser.FenEngine\Layout\LayoutResult.cs","140","120","4526","fe25be4c22027ba74221fcf01295e16c00d820b0228883a6878d1278237f9d8f","F4529F7DCABF3B05BA971D8DD3106DAF9F2716CD81965A8FFB485F75B76814B4","False"
"C:\Users\udayk\Videos\fenbrowser-test\FenBrowser.FenEngine\Layout\LayoutValidator.cs","124","109","5158","8ee6513a5043cc6266a008052bc9fc5e10eeba2bba7245a519a3e49c9e85306d","D2356E1D1E2C1C74145FC2F27490E58D736DCB55BC6C353B5A834E01C405B4EE","False"
"C:\Users\udayk\Videos\fenbrowser-test\FenBrowser.FenEngine\Layout\MarginCollapseComputer.cs","191","164","7518","76d8ba04cfd54a25014733f0981e32e9eb9d6358718d20163a0ba7e12ab04261","DF9B02A98A1B2BDFABB1CA763DB1A7194A4BDE85D3383863DA86325E7F5161F9","False"
"C:\Users\udayk\Videos\fenbrowser-test\FenBrowser.FenEngine\Layout\MarginCollapseTracker.cs","160","144","7312","2800831d053fb79a76145ee4c682977e517e6809ebae1caa597e13102b654eed","07DE83644568D0FD3B91EC39D2F21E097153301F5E2577BBEEDE3BD634B38572","False"
"C:\Users\udayk\Videos\fenbrowser-test\FenBrowser.FenEngine\Layout\MinimalLayoutComputer.cs","3136","2663","145101","402fed313e4ba910966438f335850996811caec24f4759b53c420362ed854f4c","6BEE07DCE505C3B5B8BE29E088D608867240623F03525C77117EC062C6B2B377","False"
"C:\Users\udayk\Videos\fenbrowser-test\FenBrowser.FenEngine\Layout\MultiColumnLayoutComputer.cs","155","128","6630","67fedc56a7689b0621baf8b769085868a686d4efe3b0288dd0a5b15e68d38bca","5021F8E13A26FCB47208502F3A0EBD11B71BA80141455CAF763497B1CB69DADD","False"
"C:\Users\udayk\Videos\fenbrowser-test\FenBrowser.FenEngine\Layout\PseudoBox.cs","588","514","20210","05ae46e2b2dba54658c39b815ad0dcaebed86685dd50c0d32da7c549011983e3","AD69D06EE7F0934D78ED041C2AEFBFA0898507FBB4F8313E70F4099D3710D674","False"
"C:\Users\udayk\Videos\fenbrowser-test\FenBrowser.FenEngine\Layout\ReplacedElementSizing.cs","322","274","11539","c59b5f6c937f2f9adaacc6e1756b91d6cc497dc0e58c02a0017fe3c842bb17c0","FBCF1DD003310C3190CE6055EC44C972CD87211CA7968C0DE938F12601C2234E","False"
"C:\Users\udayk\Videos\fenbrowser-test\FenBrowser.FenEngine\Layout\ScrollAnchoring.cs","68","59","2707","4aebe067b5fd37cc7e75345b504862945f6341ed5faeb18bf1eb89eff375cde9","058D58C2BDF8B8CBA88FCFE9CC1CEDB22987B942B38B2001750C39104D933792","False"
"C:\Users\udayk\Videos\fenbrowser-test\FenBrowser.FenEngine\Layout\TableLayoutComputer.cs","595","523","24099","e9dfefcf7b578c28df16d8516e9800791c165487b8b6e3ff879d1c053f00cbfb","51734F81F1F12BE1B5280D8610283E418ACD92CBBDFF81881C8C089303F943D5","False"
"C:\Users\udayk\Videos\fenbrowser-test\FenBrowser.FenEngine\Layout\TextLayoutComputer.cs","292","255","11927","9a37a6bdae26b439785904323bffdfaf970b0835f6a86a93bda325f4afc3ca12","56E8B878251CBD25E93C188EBEB579CBD356052DE13A020C6CBD8A91A3C6AE98","False"
"C:\Users\udayk\Videos\fenbrowser-test\FenBrowser.FenEngine\Layout\TextLayoutHelper.cs","242","211","9792","12a104e7d8330b47ae91ea483e01a66ac1e7adc69a9028a6ce2a40fd433e1d98","CFAED35238B3DCF3B9BBA500EF65F995C52882B909A85424BAE4619E76B2A28E","False"
"C:\Users\udayk\Videos\fenbrowser-test\FenBrowser.FenEngine\Layout\TransformParsed.cs","19","18","517","16f8e45ac3e1d10ccd842821b1ba5fef8de9e8bd0a428804ef92f1db328c20fe","C22215C3646A019441ECC6E88A41AF8D0855C4F21F6D1829F954128463F26262","False"
"C:\Users\udayk\Videos\fenbrowser-test\FenBrowser.FenEngine\Layout\Tree\BoxTreeBuilder.cs","379","322","13952","e6dcde382119d7f244b12745b0324d0f63241fd057d7f5077652e72e742e593d","32766E18189591E361779B7772F46E70BC63B408703509C3757A81E6F099095D","False"
"C:\Users\udayk\Videos\fenbrowser-test\FenBrowser.FenEngine\Layout\Tree\LayoutBox.cs","82","70","2434","54ca72edaaed21909935f8542ff649b4fde48fef2c443be8239c7fa4faca32c3","7AFACB81ED516D25346D0DCB59AFA6C1C638DFED5C43B1970EF057B126752487","False"
"C:\Users\udayk\Videos\fenbrowser-test\FenBrowser.FenEngine\Layout\Tree\LayoutNodeTypes.cs","61","53","2134","d31f89d9860ab97a951e37f0c1f726ec6650f019b6c247dc74fcbfc5d112b99d","F95A6A19DC63B3AB319B5FBB5FECA5FBC28D5CFB9C366A525E5244AE3757FC58","False"
"C:\Users\udayk\Videos\fenbrowser-test\FenBrowser.FenEngine\Observers\ObserverCoordinator.cs","551","473","19482","7a97b22af09732cb2aff57f56bb2a3b420cdd49d015333b3bb31d713a760e121","68832225D12C5A4440984EC68052E9E2261FF21B13123FAD70C92E07BE8A7F09","False"
"C:\Users\udayk\Videos\fenbrowser-test\FenBrowser.FenEngine\Program.cs","204","177","9413","3fbdab7d44a96f206a5ffd399381dec3f5d2098715670ba66bf65515fe081847","E1C5D132C82D2C3E916A15AF79F224107A4A240F9AF6FADF554B1889EF11759B","False"
"C:\Users\udayk\Videos\fenbrowser-test\FenBrowser.FenEngine\README.md","228","171","5920","c79840d3746cd5f514d834adb82b4d667693f037b3f80d48e4c2d7d65faa953e","CF1CAB119CC963120779646DF68578E49CC528F95AD5CDE71B604825E2E43AC0","False"
"C:\Users\udayk\Videos\fenbrowser-test\FenBrowser.FenEngine\Rendering\Backends\HeadlessRenderBackend.cs","208","176","7312","bfed2bf1d3d2ede95974f3038cd6102f2ce96af57906e7b68e2976f0a01b8217","47446F7D33627C87236A7FAF6AAEF6414339E9FD1D6F5A1319D864FFBA249DEE","False"
"C:\Users\udayk\Videos\fenbrowser-test\FenBrowser.FenEngine\Rendering\Backends\SkiaRenderBackend.cs","463","387","16376","268406d999acf69ca9b15a087784081bb61b48b593aad3f3a58b03ada8636ae8","3DD25DC91496BE34CAFFB60BACEAF8C278157C8DA2E8FA70B2E0AD731F627EE9","False"
"C:\Users\udayk\Videos\fenbrowser-test\FenBrowser.FenEngine\Rendering\BidiResolver.cs","426","378","15288","510734fd7c55779866495cf8e400948aebc6369e4560e82352ddcc96b89da956","2A34E97EB570FEA1EF41DFD1732F077993CC3D0ED5B69CE7EFCC1946EC8D01F9","False"
"C:\Users\udayk\Videos\fenbrowser-test\FenBrowser.FenEngine\Rendering\BidiTextRenderer.cs","422","362","13298","65c383285b6e056187bcb7d0e4bdaee4991d54760a0ed19b3518faa035f6b75c","EC9A22074F50483233DB68706C6D091B4C7136122A0C9A3B887E4F9F763D6377","False"
"C:\Users\udayk\Videos\fenbrowser-test\FenBrowser.FenEngine\Rendering\BrowserApi.cs","3620","3192","151558","ebea018f2c6baab8a60e66a37ceabdacc7cb90553951214231836967ffb1141e","F809DEAB6EBA42876FDAC0EE85E096F1A65792D60FE8AB5C7B4A1AD49CD6BBA2","False"
"C:\Users\udayk\Videos\fenbrowser-test\FenBrowser.FenEngine\Rendering\BrowserCoreHelpers.cs","35","29","1396","85edc39e2abea52d231f06516c657b25ba19fab7384fb22cfb0fac6b70784d53","D1F5BAD0A2BA2013A2E3460F9E10B3A9DE3A41AA08A94EF2113231CA5464D625","False"
"C:\Users\udayk\Videos\fenbrowser-test\FenBrowser.FenEngine\Rendering\BrowserEngine.cs","41","34","1107","b35328869c53d1d3ee15a4934ff3c321bb3d9383bb8eaf447884fb3f49a18637","170ECE3F384E3CD29F2D10BEEB554138355FEA590B112BA5333591B9411C4C12","False"
"C:\Users\udayk\Videos\fenbrowser-test\FenBrowser.FenEngine\Rendering\Compositing\BaseFrameReusePolicy.cs","39","35","1021","c22bb384c7a43218b718763160040d20b41473b3bd8750b28ca941e7be9ce5e6","D0CB69AF6644848C0D34698F9C73F6EDE275FC871C562A03CB01C4598EBF2156","False"
"C:\Users\udayk\Videos\fenbrowser-test\FenBrowser.FenEngine\Rendering\Compositing\DamageRasterizationPolicy.cs","82","70","2392","18620c74164dff79588519e3fc37fcbef79e6240269882f9f00b62aa932de4a1","F231DAB5F829CD210FE1E7E1275ED7D832CFE0EAE412C337D29658A650DBDEAF","False"
"C:\Users\udayk\Videos\fenbrowser-test\FenBrowser.FenEngine\Rendering\Compositing\DamageRegionNormalizationPolicy.cs","163","139","4925","da9871e872f68494a27fb3fefbac1b5ad5e3442c57474b020073ff6278066521","E30D3701F0A11AFC5272506EB44841E39DD00D59741BEF7092CF06ED3AD413F9","False"
"C:\Users\udayk\Videos\fenbrowser-test\FenBrowser.FenEngine\Rendering\Compositing\FrameBudgetAdaptivePolicy.cs","103","93","3869","a120fa8f4ed78dbbf636916d7aa31b6069d4744af453d858e4ac8e788f960d47","1AE12A30DC27804278F57C07AE0808727E747D6A2C3DAA5E5FEC57BB41313628","False"
"C:\Users\udayk\Videos\fenbrowser-test\FenBrowser.FenEngine\Rendering\Compositing\PaintCompositingStabilityController.cs","74","62","2443","0262f8648a537ebe74da15def3d996347aa6a1a51091535a69406700e72a4fdb","3EB56DD6B07F699889C961D6B87A2D02F8B789D19A5D64431777684FC51BF58D","False"
"C:\Users\udayk\Videos\fenbrowser-test\FenBrowser.FenEngine\Rendering\Compositing\PaintDamageTracker.cs","150","128","4371","72ad25f4ddf2a8e1ccb98edcab7e930e62bc9ce4c5458ef450d3c7a564718c8a","1340FA5F0E61216EA1A692D4605CAEDC9BBE9B0EB540505FBD1B7A781462A8C8","False"
"C:\Users\udayk\Videos\fenbrowser-test\FenBrowser.FenEngine\Rendering\Compositing\ScrollDamageComputer.cs","165","145","6116","48e0847d6051e173da51f1efaf58d0ce6000393afde2e7f91384247bad2c9a61","3DA7D9DDBFF1F75F0BBD50633CE2AA11D2FB3A7FD184E381EE41BE524164ADF2","False"
"C:\Users\udayk\Videos\fenbrowser-test\FenBrowser.FenEngine\Rendering\Core\ILayoutEngine.cs","19","16","564","0916afc4eadcc7e97531f32de78974af35908662137448ca9234ffd4e5549ec8","962623884CF0A95067DFB47C2C6EF5D4892EAF1B8825B20D3DA56FCD08EAD084","False"
"C:\Users\udayk\Videos\fenbrowser-test\FenBrowser.FenEngine\Rendering\Core\RenderContext.cs","34","27","1020","fd950d3e7c3980f0c85bea11c73d6283212184442b11bd601da996797d1e0e48","26AF3AF6021D5440C4F95FAFD2F0C237AAE9A5F4454734D267C23BEA46C66889","False"
"C:\Users\udayk\Videos\fenbrowser-test\FenBrowser.FenEngine\Rendering\Css\CascadeEngine.cs","405","364","16233","a5fbd2d7c70a8ca7059145a14199d0a4f15246eefed99869f91491909aa35dcc","6CCA711D848448DF659664AE7555E8DB468ABFEE61C5F458CF14D996F2BC42A6","False"
"C:\Users\udayk\Videos\fenbrowser-test\FenBrowser.FenEngine\Rendering\Css\CssAnimationEngine.cs","1036","880","39892","80ac8fdf3a0a1e0432b987ab9f821271701493f5df7bff835d473764b8648723","885783F64951A7D4F2F98EF6899E747E07A2BE70E21877F962AB250149AC97AE","False"
"C:\Users\udayk\Videos\fenbrowser-test\FenBrowser.FenEngine\Rendering\Css\CssClipPathParser.cs","260","228","9011","572296b738c76c4467d67f9a092b51ae267d3f603e29e3de30f274e5ca0390ef","04886077A844CEE5D2DB383355993C0206654FC8D9AA28B3DD0576A28523F2D5","False"
"C:\Users\udayk\Videos\fenbrowser-test\FenBrowser.FenEngine\Rendering\Css\CssEngineFactory.cs","119","107","3899","9f119064aa6a9168769f521ae19353b13c5d70b9b66df1c28a058a6b1bdf7448","F30BFF06AE89EF3615808A8E7F151E511003A8F96D20C1CC98C2A08A31A9FAED","False"
"C:\Users\udayk\Videos\fenbrowser-test\FenBrowser.FenEngine\Rendering\Css\CssFilterParser.cs","343","301","12304","5db81fdd4deeca7a66cd5fe5819b0f7a5b4e38de207c6bd445d0366f1569f914","AF23D23A2E97C211F78722A19779CB309E0FC2EA5243116AAFCE1F028C32E52B","False"
"C:\Users\udayk\Videos\fenbrowser-test\FenBrowser.FenEngine\Rendering\Css\CssFlexLayout.cs","824","690","38924","56dca39db2e003fe6fc6e4b6d081d72ce3ff9c1d44caff89b83b7c5be9f8ad81","9E88CF88057BAF531EA5DFE362D3CDA02E8A62A546D4B52C0E50669F502C4EC1","False"
"C:\Users\udayk\Videos\fenbrowser-test\FenBrowser.FenEngine\Rendering\Css\CssFloatLayout.cs","413","353","13144","6ee6abfccdb8cd311588f9449790e80a66db21d6a25e34f9e3218b29a243255c","DE70E89D676CC4B1AA307327D899EE58FF43997FE5F2B19EE5CE6BEBB088B4B8","False"
"C:\Users\udayk\Videos\fenbrowser-test\FenBrowser.FenEngine\Rendering\Css\CssFunctions.cs","761","647","28193","7e05a22130617e12a503ba6dac8a28a7f3b6c95faaa02f4af87c34b3fdc62e52","1BC023FA1E6E3F1B6C8D304BE320B8E9935B0185CFA66B8C18BB641783FC8982","False"
"C:\Users\udayk\Videos\fenbrowser-test\FenBrowser.FenEngine\Rendering\Css\CssGridAdvanced.cs","695","604","25585","4d30e2fb69ebb31b9bbe15e9f8b4c960083ae31c0b97e5631f2e5fa4717de792","8B1D511B6DF43895414DA4A23D3B790B3ADD4A59ECD405EF22F56D5C89A14138","False"
"C:\Users\udayk\Videos\fenbrowser-test\FenBrowser.FenEngine\Rendering\Css\CssLoader.cs","6153","5409","265840","adbff92a7def4efab9f15750cbbb937b7c5c99b6f13db08abe2192a1efd40a23","A7029F27F01A2E9DF41C7FCAB17EF2D5F04CA9025E8A78C6FB3C6256496B4E0A","False"
"C:\Users\udayk\Videos\fenbrowser-test\FenBrowser.FenEngine\Rendering\Css\CssLoaderValueParsing.cs","400","355","14581","4297af194aba0bcf361589eacf9fefdf626b51d841548a8ef1cae8278796576e","A0EADD518C97E525F1A628D77E68F206EEAB3F20D934F8175CE19239F6AE6B82","False"
"C:\Users\udayk\Videos\fenbrowser-test\FenBrowser.FenEngine\Rendering\Css\CssModel.cs","269","229","9337","72a308cabdbc0138ea4e05eb21e4e3d221c009d646320965e617ac9324e6ed1a","413CB930C268DE456EA82CB11A133DFA5CE25154BADDD9B859B4755F01294E65","False"
"C:\Users\udayk\Videos\fenbrowser-test\FenBrowser.FenEngine\Rendering\Css\CssParser.cs","1112","977","48703","2e474c48e5dbee12955b31161a537c76061788c21940e809fa16264118f2a5b0","7878EB437E6CE7A4BEE7D447D4D1686C4AE1E7372D38AAB24271F1D2B6C6CD85","False"
"C:\Users\udayk\Videos\fenbrowser-test\FenBrowser.FenEngine\Rendering\Css\CssSelectorAdvanced.cs","578","490","20837","1c8152dbfe10c0e954d384a578d24667c5db770a50fe4e81e50361ae821a16ff","CCDC0228B238AAC1C0BB22FF27A6656F93B0E8803E21336416865ACE62323A7C","False"
"C:\Users\udayk\Videos\fenbrowser-test\FenBrowser.FenEngine\Rendering\Css\CssSelectorParser.cs","29","24","852","76a7de644f246d378c60685989cfef6f8bae43971c51104be363bf18abe8ad49","0735D94AD13ADE0B8A96BD46C598C65261A31E2EED04662DBD9C1276117D880D","False"
"C:\Users\udayk\Videos\fenbrowser-test\FenBrowser.FenEngine\Rendering\Css\CssStyleApplicator.cs","154","130","6615","06fabdc45e821f5826f008f41f5020f6e2b2c7c55ffd2964ba2af85e705aa33a","0F7018ACA56775F258587BA137541AF1FA114B91A3BCC12EE6D4BD6F892317A0","False"
"C:\Users\udayk\Videos\fenbrowser-test\FenBrowser.FenEngine\Rendering\Css\CssSyntaxParser.cs","639","548","24878","758490baac63f9b34c841a972e3d4df40386c80eec7db026a28c51f528be70c1","1B379482EA5334DC5523B1450CE358DDAD8C59B3BB4DDA5BFA3707D0E3BB81F7","False"
"C:\Users\udayk\Videos\fenbrowser-test\FenBrowser.FenEngine\Rendering\Css\CssToken.cs","108","98","2965","3166e72baccacb68cae7d5e66018eedd1b2c6417a57525408d3c6ed4365a795c","EDD584F7424B2676CD8E56320FBCBDBA4FFEA25DA6154DC5969D1042AD81E151","False"
"C:\Users\udayk\Videos\fenbrowser-test\FenBrowser.FenEngine\Rendering\Css\CssTokenizer.cs","616","543","20356","9b2347050de3480d8dac7b161a49c8645c79ff5d4d50047e960d18dbdc017a80","0BB1F5A8D211F8877645A1F17F90D375E5B4FD139181F7C774252F85231D6C90","False"
"C:\Users\udayk\Videos\fenbrowser-test\FenBrowser.FenEngine\Rendering\Css\CssTransform3D.cs","492","434","17551","e7182d06392a4aa05d0df6b5822329dfd5c1ca18797db7309d12a6eacab769d7","C820E2C595EC18763DB0A6ADA6DBEBFFA4452812E11EC3770456555F92253316","False"
"C:\Users\udayk\Videos\fenbrowser-test\FenBrowser.FenEngine\Rendering\Css\CssValue.cs","285","251","9481","82a8cf6dc22c84a2643f19080b51ead8e4d750d78280a47957b1efad2276222e","95B0DA988B08ED7F9FEC5BD2B7E5858F4331DC50832EEC611AD202D2720908D3","False"
"C:\Users\udayk\Videos\fenbrowser-test\FenBrowser.FenEngine\Rendering\Css\CssValueParser.cs","633","573","27058","dc79b21810e20877d1c6c752ab05b590337d6b4c9750f8f179864270656fdb58","12D44C4001CE65D315293CB2A62C75445D00D201EF0B5FDFFF2BA32F16B2F127","False"
"C:\Users\udayk\Videos\fenbrowser-test\FenBrowser.FenEngine\Rendering\Css\SelectorMatcher.cs","1164","995","40696","db597d4e072e8988db6e799d33f06df48d454b7446e634cc4904bb8d5fd1c09f","6B809591E9565C406CB46BC8C276B852FD0D0FB67F1700DAEC54988671FB45EE","False"
"C:\Users\udayk\Videos\fenbrowser-test\FenBrowser.FenEngine\Rendering\CssTransitionEngine.cs","338","307","13775","10b95484542e93f7503a4e30764a1fceaa4a1818f07e1456707e9047705440ba","01EB482E46F32C60B8F51872563F167A414350DB50B96772F6274CCD98CDF111","False"
"C:\Users\udayk\Videos\fenbrowser-test\FenBrowser.FenEngine\Rendering\CustomHtmlEngine.cs","1877","1691","82022","2996be64ecb1bc7f5a9fc871c4430522af42a3d359a33ce21296e0e77a36d1af","0ADAD32E0B8557F17F3A635EB9BCA35BDFD474E8A414FC55D21E5B11134147EE","False"
"C:\Users\udayk\Videos\fenbrowser-test\FenBrowser.FenEngine\Rendering\DebugOverlay.cs","234","203","8251","6b8bfcc1e85fef8e1066152598d802c7bf4e29d0fa42b59ad9c18306b5150587","AABE538947C675F76907EBB2E85D0AA392A079AC473E4CD1CA40D9553814B340","False"
"C:\Users\udayk\Videos\fenbrowser-test\FenBrowser.FenEngine\Rendering\ElementStateManager.cs","581","498","20346","abc722b15cb51f6fdf13ed1d9e162d8899cfcaa65262bad376ff78ff3b11cc77","C61DC721B131E4C2D56AD0D70F7D9F847FCA479D1355A2B173B41315C225F7DF","False"
"C:\Users\udayk\Videos\fenbrowser-test\FenBrowser.FenEngine\Rendering\ErrorPageRenderer.cs","239","209","9528","7738c0d8d8129cbf0a7a3b71b869ece97f6a8cb6997052c759aeb568b93ab2cf","2FA8E5F791BFA1137DDC30F047CD63F3060F113A995321E93193A6053C8D71C1","False"
"C:\Users\udayk\Videos\fenbrowser-test\FenBrowser.FenEngine\Rendering\FontRegistry.cs","533","472","19236","6503c32c0c8d20e5d741b57747fcbb576fee57085b76926c00861f2984cb6ee1","E9D1EAFF79B9F2DD40AD5CC3323281E54CD79A6259BC93E789AA7629B89CA8B4","False"
"C:\Users\udayk\Videos\fenbrowser-test\FenBrowser.FenEngine\Rendering\HistoryEntry.cs","19","17","461","df7a85d7745ddbaf115351b348bdd42f71d83f2cb85d61ca776787feec5d1050","375FF4BAE6F8FEA656782DDFD2A155E370BC0CB616A9A21243A5C087FDB4AFEA","False"
"C:\Users\udayk\Videos\fenbrowser-test\FenBrowser.FenEngine\Rendering\ImageLoader.cs","959","830","36631","b799ed20d55f4667a9eab998c60d45b42ecdf4b5d3631b84aaca3a23f4bb4e24","5E1E33B73400497CCBA045D13D89B86D5225A2E0335CAB9AFD44FBDD73EBB3CC","False"
"C:\Users\udayk\Videos\fenbrowser-test\FenBrowser.FenEngine\Rendering\Interaction\HitTester.cs","309","268","12797","590c4e13a1c7202a4ab17fbc138ae6438492925ce51beed9d99b1e5c5bfc2f7b","4E94FA7B91430A61795371C7CE5E7121BBC3C1FA13C2B847820CD3EE6B03ED16","False"
"C:\Users\udayk\Videos\fenbrowser-test\FenBrowser.FenEngine\Rendering\Interaction\ScrollbarRenderer.cs","334","285","13455","4a10a935bfc85c9bbc281df59061b638e0525c8ceb67eb7ac55c412a9fed6a60","29CCB99994F4A70EAE298EA468E7E99E6C3C2747183042E419A7E51A5217BE82","False"
"C:\Users\udayk\Videos\fenbrowser-test\FenBrowser.FenEngine\Rendering\Interaction\ScrollManager.cs","747","629","28656","d436a66fd51ce4a8099c0a4ac02c1b617db27a95386c0fa1fea7cc6d9a349ffe","DACAE603D63BC66B17A8B9334858F459886D3E83BF51B42B5714D85A41A3020F","False"
"C:\Users\udayk\Videos\fenbrowser-test\FenBrowser.FenEngine\Rendering\IRenderBackend.cs","225","181","6774","83b9c852f7c16ba953ae8f8d0746dff3ff8689358661c6f6f859cb2420bc45c8","076183E611DFD3393D55E42C4D1664A2B7562BD9118035F13715DB6C3380A978","False"
"C:\Users\udayk\Videos\fenbrowser-test\FenBrowser.FenEngine\Rendering\LiteDomUtil.cs","24","23","846","12829fce166429db7358e9008dd2877d8800270dea2bafd6b80beee00654ba7d","C2ED29D4861B3F8627142045D7421BC9CBD31C814BEF4760D89523B4CBA3C9A4","False"
"C:\Users\udayk\Videos\fenbrowser-test\FenBrowser.FenEngine\Rendering\NavigationManager.cs","150","128","6597","913072490a5ea83ac2a8cb9d049ec1d12be4117faab585b6865d73ae6391c29e","4292E9858D191E9C338F39074B2B2AD1BA99B13A34A18739A3B861C1F9F8C759","False"
"C:\Users\udayk\Videos\fenbrowser-test\FenBrowser.FenEngine\Rendering\NewTabRenderer.cs","182","164","5412","418b013560eb6e15e39c1fc0e0ecf378c221992c7df7478ac2188daa21951fb9","2243095D5F984D35A1611C291831733A1BF74BBFAE07226DFE7454D1030493C8","False"
"C:\Users\udayk\Videos\fenbrowser-test\FenBrowser.FenEngine\Rendering\Paint\LayoutTreeDumper.cs","323","272","11965","aa2c1fb7f78513eda75fb8eb79162e09f210bdc5078a18b6c691819391e8acbe","05D1958781CB35A50016DC7DEE8848526A1DCBCAE334CE425F30D42914972ED0","False"
"C:\Users\udayk\Videos\fenbrowser-test\FenBrowser.FenEngine\Rendering\Paint\PaintDebugOverlay.cs","262","227","8936","2ce7c4103b5eb3f381bb55c37f8181b026b56e1be4f6a479adf071ba8cd0a972","BD5EBD5263E4EFC4DDF3599DC576E3C4DE4BC99ADF4C042E65DF41FF047756E8","False"
"C:\Users\udayk\Videos\fenbrowser-test\FenBrowser.FenEngine\Rendering\Painting\BoxPainter.cs","435","381","16655","3d51085ca813eb3def6c46801348523a8eec22600021aaed77d3c712bc1237d6","83DD845E94275ABBCF7F76900CAD79DAD41815038F80CE0DBA99ADF290E1B3A3","False"
"C:\Users\udayk\Videos\fenbrowser-test\FenBrowser.FenEngine\Rendering\Painting\DisplayList.cs","43","37","1231","749119ac17c32046d033bdcbb2b7d938a23a37f24280346f6107fd6630fa6c6a","8EAEEB3B51E2F3E9AFD754E640FC91015ED0FA9CCE60410BB0295B867382E708","False"
"C:\Users\udayk\Videos\fenbrowser-test\FenBrowser.FenEngine\Rendering\Painting\DisplayListBuilder.cs","246","219","7492","494100967b462615b3128cf8a19255d1cb8669e722057c3372c81fd594adfdeb","BC0817415A0773BCF815A4742C7E434EDD23CF966892C24A696B5F0D71C8ED01","False"
"C:\Users\udayk\Videos\fenbrowser-test\FenBrowser.FenEngine\Rendering\Painting\ImagePainter.cs","267","232","8423","51ece288410d0acf37f863a2216ba32df168bfad80d5e8698b429dd765fc35fd","081C8CDD372227067B95E9429386163645E691B6754258BCE74E5A7F57EC7556","False"
"C:\Users\udayk\Videos\fenbrowser-test\FenBrowser.FenEngine\Rendering\Painting\Painter.cs","311","269","11154","d9c5004b615af45a6d26ad6a7df52c2454783a15477a60128ba4a347e0050144","7E539D79E90F5AB35C385579830796B3EA99A1CCDAB5EFC50FEEEAF152EEBD95","False"
"C:\Users\udayk\Videos\fenbrowser-test\FenBrowser.FenEngine\Rendering\Painting\StackingContextComplete.cs","499","411","19016","55f4f6f0adbf2232e6525e745246392305c84bed506393fc76d5668acab46fb1","1C4D2CF97811171DA5612DA7F5DE06CFCB4A0EBE482C765C1166B6616C0634D5","False"
"C:\Users\udayk\Videos\fenbrowser-test\FenBrowser.FenEngine\Rendering\Painting\StackingContextPainter.cs","363","303","11680","484b90dc54df0d8a9054059171da0ffe1c131933361f1d53e7b053b4d7103f9d","D6C6C21FA4A48EAA601D4C50A50CDE06ABBCDDF827C762365AE9BFAF1F1F37C8","False"
"C:\Users\udayk\Videos\fenbrowser-test\FenBrowser.FenEngine\Rendering\Painting\TextPainter.cs","444","380","16343","8ea3dd32047e1d00864017828f63135830bce276223080c5079344522f5ff925","0651A584F375B0A569EF667E8FA44EB474E7C962C3385365B2478FAA6E9A5FA8","False"
"C:\Users\udayk\Videos\fenbrowser-test\FenBrowser.FenEngine\Rendering\PaintTree\ImmutablePaintTree.cs","172","147","5794","2d23e279f7224b5623aae8d8b1da08fac99e932fd8b76485cfc1ea18b224d628","0753A31B33C0B3BBD47C29FEDFB72553DC904B7076917A7784DB78A9641BE487","False"
"C:\Users\udayk\Videos\fenbrowser-test\FenBrowser.FenEngine\Rendering\PaintTree\IPaintNodeVisitor.cs","22","22","755","6906d3e2ce54e0976f8971bf7441dce54872b5ad9ca6c32bb75771486225bcc6","67F088502C9ECF57ED768D1689184BFA8853802187DEAF36A9E6AAD5A56D944A","False"
"C:\Users\udayk\Videos\fenbrowser-test\FenBrowser.FenEngine\Rendering\PaintTree\NewPaintTreeBuilder.cs","3983","3441","179754","a049cf37ce4c4382bdb80f6079b5a16c34a6f2f416bf8af48b4d0d844fe8ca60","F16D1F206519642B3B549E4F7BDC619314BFAFAD30D6B0BBC27752F62DF2E471","False"
"C:\Users\udayk\Videos\fenbrowser-test\FenBrowser.FenEngine\Rendering\PaintTree\PaintNode.cs","172","143","5542","7202a1457eaed9d4fb9b45a5b7a3589a81839ab908d19b42f888a04675c3f92e","9F9B8602E98DD981102ED21F9CE0D3E261BB1D98894516DEF63835902A585BC1","False"
"C:\Users\udayk\Videos\fenbrowser-test\FenBrowser.FenEngine\Rendering\PaintTree\PaintNodeBase.cs","329","276","10333","089fce30e7432188283e59ccfffb201b4daab415ccc25937d2542c753f8056de","C1164A85E9276FA43176F279034DBA233C0E0FAC35025B8CFB06DE140B81C447","False"
"C:\Users\udayk\Videos\fenbrowser-test\FenBrowser.FenEngine\Rendering\PaintTree\PaintTree.cs","88","76","2433","3bcbed79dec995b276c9ba7b9e27ce4ceab499ed3ff3640126207e84665846f4","9666DB63986B9D71D43C7607D5665DBEC8CB16EB0BA82ED4B6608951FF6D0E92","False"
"C:\Users\udayk\Videos\fenbrowser-test\FenBrowser.FenEngine\Rendering\PaintTree\PaintTreeBuilder.cs","369","316","15719","92a996f0397dcc942eb0e618544e742a93f5b60dfd82fd2e826d8e0dde45f56f","0809C0BA53EAD404B9BF091B18264CA58BC4A07DB2618D73A35EEBFC3C287CFB","False"
"C:\Users\udayk\Videos\fenbrowser-test\FenBrowser.FenEngine\Rendering\PaintTree\PaintTreeDiff.cs","26","22","931","0c52bce3567772f7f616d44f1071b0836bb9437b2d90be0b9f5e991d0c49b7e7","6554B3E071921706D19AD3F5D20A31E534659AAAF2ECD5A3869E042E882DCBC9","False"
"C:\Users\udayk\Videos\fenbrowser-test\FenBrowser.FenEngine\Rendering\PaintTree\PositionedGlyph.cs","33","29","845","f1f70ee4c764a5fb660f8560a63cd716f36f694f30476c7179e520bfc5c4e4e1","9AFFD4834480CB714C48BC2686837160BD494C1CA2F69D86AE5341C725A8995C","False"
"C:\Users\udayk\Videos\fenbrowser-test\FenBrowser.FenEngine\Rendering\Performance\IncrementalLayout.cs","235","201","6394","118a288a8895eed2d533bdf766ccf93876939e1ba933b67ba1068dc26c0a3dbe","1552AC6E4991197980A97D5248C6DC47CD9C243A0A1119CD7D57B21825A4642F","False"
"C:\Users\udayk\Videos\fenbrowser-test\FenBrowser.FenEngine\Rendering\Performance\ParallelPainter.cs","336","284","9300","e8388cab1abc62d3efe5e10faf06642696df560da8af562c1b2061374d811cde","A0C279AB2086CD30CAADAA524C4234A4310E0349A6421D870DA968F1297224B5","False"
"C:\Users\udayk\Videos\fenbrowser-test\FenBrowser.FenEngine\Rendering\RenderCommands.cs","569","503","17546","04790b680775d99683a2ebf77223cfccbc7002a352510e84e83d4300d8f813ee","61DC551C6BA23A169EEA46571A7AB8CF3756EEB89F366C5C2417770B2F2ABF81","False"
"C:\Users\udayk\Videos\fenbrowser-test\FenBrowser.FenEngine\Rendering\RenderDataTypes.cs","128","110","4579","069305d51247f21daf4802b0c5385ebbfd4b279cfc03fc422c4c4fd8907c5638","A3112FCBC4EAAD2F4FC902F7C2799D4AD30F52ECB555879B40C9AF7FE4242A9E","False"
"C:\Users\udayk\Videos\fenbrowser-test\FenBrowser.FenEngine\Rendering\RendererSafetyPolicy.cs","20","18","731","c91395e6b51e8232d039ab2ccc126222d6a9263adae716bdf7023948983c0be5","1DD6BF3143F321322A22DA39A5B38EB0A9914A44938BB48E378293E414BF81EF","False"
"C:\Users\udayk\Videos\fenbrowser-test\FenBrowser.FenEngine\Rendering\RenderPipeline.cs","150","131","4750","4b3eae937e059c238f8e62f3878d8943dbc7e94e8dd93a6c95bd78d0ad62bdab","6AF846DF7158F258D96CDA6D08BCEB52836A574F87F8CD56F03A124F67913A99","False"
"C:\Users\udayk\Videos\fenbrowser-test\FenBrowser.FenEngine\Rendering\RenderTree\FrameState.cs","76","66","2276","b1150ff722ef105a30c595acfb6fa51e7c688e102f6eed45418b59f80677a112","38297B3B103957B685EFC7EDC5BF03B5C184851AE9F7A8A8548A71683D2CA10E","False"
"C:\Users\udayk\Videos\fenbrowser-test\FenBrowser.FenEngine\Rendering\RenderTree\RectExtensions.cs","33","28","856","8f65575d19a794f3657357df59bc77a0590193e21d8d8a96a9c7ce7e13092809","443B4EEE4602966AF40DE87502C2318786C0A8E19EF9659D2D739859910904FA","False"
"C:\Users\udayk\Videos\fenbrowser-test\FenBrowser.FenEngine\Rendering\RenderTree\RenderBox.cs","610","516","29053","cf3d9b1a089ef6f79127ba79030694b378c1ecc786bd914e0052ff597bc4bdc6","87D0E7661D58E363889B84A884208CA640D86F27042BFCE8E31A1BDA496E7C4B","False"
"C:\Users\udayk\Videos\fenbrowser-test\FenBrowser.FenEngine\Rendering\RenderTree\RenderObject.cs","56","46","1697","bcc7e34fbef200c5d6e6180a496c565f272a80efcfb0c01b9bc0723167dd6a54","733241BEBBB2004F724A45492B096BD4868BD196947D798D83CD4DCD7A100969","False"
"C:\Users\udayk\Videos\fenbrowser-test\FenBrowser.FenEngine\Rendering\RenderTree\RenderText.cs","38","32","1012","465cc75e800bc79e39ea3608915a1b60f4fd0b23a43f872936403a4e6120d248","453247C269C495562448F3616DF489F3EDBA2851D003CCD9E918AE56FC241B71","False"
"C:\Users\udayk\Videos\fenbrowser-test\FenBrowser.FenEngine\Rendering\RenderTree\ScrollModel.cs","208","183","6099","569e8802d22e83e35c5cfb91e5c049a08b7cc6eead0acb5b0d1cfcfdacf8a736","5BD97B714285DBAE00189C8333743D059201BC2A7EE9D6FDECA602B33001D7E7","False"
"C:\Users\udayk\Videos\fenbrowser-test\FenBrowser.FenEngine\Rendering\SkiaDomRenderer.cs","839","712","39110","a9bf244b1ff447ab031a2cdee9d185d262224493b27f57b3c18a7f44dc4cde2b","696E590703E4153654CA5ABF1AD7220795AAAA5882AF02EE7671912893FA6434","False"
"C:\Users\udayk\Videos\fenbrowser-test\FenBrowser.FenEngine\Rendering\SkiaRenderer.cs","1012","880","42052","db61b63aa95991825ce1180376829962d3a40858234ece69a450e76bc96aff11","70D606C91A7E13F6311BB6B05DB0D86A3AEC6EE0C96D343B7C0BB02472951151","False"
"C:\Users\udayk\Videos\fenbrowser-test\FenBrowser.FenEngine\Rendering\StackingContext.cs","122","106","5004","a3a1f780d3ed6174333cde3837b942bbe748d5f5d27e0d697cda76aa3d7ad408","A4DE99CAC851A2B76DE9D025CA12E32FB0E6433527CC3CF501D78EB5C9D31D3D","False"
"C:\Users\udayk\Videos\fenbrowser-test\FenBrowser.FenEngine\Rendering\SvgRenderer.cs","315","265","10445","076694d154ab626284906cc9371abf99895f066d4486a9a7a8aababbe950ab9d","C299C45720F7B982D5C7896548529D8F0BE8061DA371CFD7D03A478757AB29EA","False"
"C:\Users\udayk\Videos\fenbrowser-test\FenBrowser.FenEngine\Rendering\UserAgent\UAStyleProvider.cs","360","313","15507","843b36d5b6aeedc291e4a48e00dbaed63788a32cd6728bd75a0eab01620262fb","71C962DB0D8B28A32E291AC183E4B65B397DAD804ACA314522027A32DAB45222","False"
"C:\Users\udayk\Videos\fenbrowser-test\FenBrowser.FenEngine\Rendering\WebGL\WebGL2RenderingContext.cs","644","536","23047","93129c37bd86ea354e2b525e7bffec45dd7b26cca21d47a9fc4e173d58883e0f","F45E7822F513EFA18038C7501CB00E5369035F8376857D9AE7693BB77E8522E7","False"
"C:\Users\udayk\Videos\fenbrowser-test\FenBrowser.FenEngine\Rendering\WebGL\WebGLConstants.cs","277","256","12117","7e553d09ec87fcb819c2af25278eddb4d780e8df787da0d3f92c5a909316662e","E56674EC61F353982290FBCB55624589DAA26A86803CD0A1DC5E192C0ECDF151","False"
"C:\Users\udayk\Videos\fenbrowser-test\FenBrowser.FenEngine\Rendering\WebGL\WebGLContextManager.cs","283","253","14599","2c71d03fd0cc9895193f19707dbb48254134bd34f794c6cb0995b82604408255","2B1D04270F844DE38D6B2D09B0E4C267E175F9E65F7D2E7C39AF762C057076F0","False"
"C:\Users\udayk\Videos\fenbrowser-test\FenBrowser.FenEngine\Rendering\WebGL\WebGLObjects.cs","278","239","7270","e3e9b019c19f670727be7816079d32a647e2e06fb0ecedf8f77fb7f0b5a436ef","43773AEE10D302E98EA07740402583B073BA0B5D099760E3540367D706A9A0D9","False"
"C:\Users\udayk\Videos\fenbrowser-test\FenBrowser.FenEngine\Rendering\WebGL\WebGLRenderingContext.cs","1215","1032","44781","315e3603ddcb6aae2d667e5b8094af4970490e6bafd18afbe424c924542b64ce","F23EDB28D9A9CCA556D24ECC01879C252DB76DA6C6140178171C5A9BA2360F77","False"
"C:\Users\udayk\Videos\fenbrowser-test\FenBrowser.FenEngine\Resources\ua.css","321","283","3612","27a684280ab2644de4019916325709a594deee99fb947b195be14a07d3c65af1","A6D75E55EBF9BBB6335D819C458262346E550D123CA99AEB8A3096BF541C00EC","False"
"C:\Users\udayk\Videos\fenbrowser-test\FenBrowser.FenEngine\Scripting\CanvasRenderingContext2D.cs","1025","887","41074","39c88a80d060190aa4c5b958c83b9b5fb55a2bec02e17003498b72d0cc7fa41a","4AF01A5F8E14B54EB7CA50D724A4E3E3D4E8F671BD405E8C01066003C96C5DD8","False"
"C:\Users\udayk\Videos\fenbrowser-test\FenBrowser.FenEngine\Scripting\JavaScriptEngine.cs","3711","3210","160720","1020aeb00f586dea64bc84f6660eb1b37ef9bb3048de9d20db8e7d6286a881e7","52F27D6882EAD383574ABB2AA6D4EB44951E5EAFF649055749490EB86566E644","False"
"C:\Users\udayk\Videos\fenbrowser-test\FenBrowser.FenEngine\Scripting\JavaScriptEngine.Dom.cs","1269","1150","62788","8d188e6d82a7a70e5cefee3d6d5e61ffcf14c42e1f6c633bfc3869c8d0996f49","34D5115418304013F2C3328292B6963011E54444ABB4ACA8B0326DF1890450E3","False"
"C:\Users\udayk\Videos\fenbrowser-test\FenBrowser.FenEngine\Scripting\JavaScriptEngine.Methods.cs","223","200","7341","b1aad2df1eac33771e2ad906ffd2ccde58cb3c656cf552acc58f6c8900662cab","13A754E35508B9A207BE5548EE72A1CA90C0509CD3C6D4A5BBDD7C9B1BCB6A94","False"
"C:\Users\udayk\Videos\fenbrowser-test\FenBrowser.FenEngine\Scripting\JavaScriptRuntime.cs","23","18","450","2c799c53f86f2ce1ae79eec673eff8e1f65888572d059130e43ee140f1a7e66f","67474442CBC492962E5FF09161901E648AF952C533FEFC52C16C56E0B868A7CF","False"
"C:\Users\udayk\Videos\fenbrowser-test\FenBrowser.FenEngine\Scripting\JsRuntimeAbstraction.cs","120","102","3971","8bed29e041b08a77f2a117cbd4d8f7046d7950b5d9bd8cd4fcad51ab17d3a301","7E369AB12C1EF4CE0490A792AA848A1A0397546E62559B2611E02ACCF7D4A144","False"
"C:\Users\udayk\Videos\fenbrowser-test\FenBrowser.FenEngine\Scripting\ModuleLoader.cs","216","187","7801","63beebfad7d99a3bb964ca08d4d40826c7bfb9b79a3f8205d83696b848692f5e","F6E76A4E031217BD7C4135E4F30D02FDBD3126A97BD49950399E9A4B3BD867E7","False"
"C:\Users\udayk\Videos\fenbrowser-test\FenBrowser.FenEngine\Scripting\ProxyAPI.cs","86","73","3278","e86655d8b9a60b21341b58e27e3ab2f9a7bf5e8bbbcf6116bb24dadda3815b91","54E8D472A1F167ED5D50DC4D7D9A82F7D9C7CB4EB7092AA04745477AB3044B71","False"
"C:\Users\udayk\Videos\fenbrowser-test\FenBrowser.FenEngine\Scripting\ReflectAPI.cs","158","133","6809","18167b44f1e453dc1a583dd58ef0246efbca7be63d32f1a6e395cbcb91b20465","891023F0FE4077D422F84DC1BDE72F107C7425B51ADF8D74E673344F88ADD38B","False"
"C:\Users\udayk\Videos\fenbrowser-test\FenBrowser.FenEngine\Security\IPermissionManager.cs","119","100","4133","16f100a47651df6ee9ca92b512d07be0e103b6e3d01a2bf6c5bf340dc6bf4032","1ED0D0E4AD16E611B5FBCA93E617B522AE0F0BFE86896C5A4FF86E905AC78E29","False"
"C:\Users\udayk\Videos\fenbrowser-test\FenBrowser.FenEngine\Security\IResourceLimits.cs","119","96","3643","4a7d8198ad2381a9a3ae48ce653e3f00bd448556f1333a36a997a2e815305bb9","D2A9AC990EEAC22BA4474AA6E473CCFF08E7195B1D94CE99C8FED286DE7D4443","False"
"C:\Users\udayk\Videos\fenbrowser-test\FenBrowser.FenEngine\Security\PermissionManager.cs","123","105","3639","fc66c0b28c389706b29b333b0415334681289ce25c0406f669623176e17c0df9","F1C265745EE042B20B88F6B3E28FFEF239C3F29B9164F7A37FF0781DDF6A5781","False"
"C:\Users\udayk\Videos\fenbrowser-test\FenBrowser.FenEngine\Security\PermissionStore.cs","105","93","3079","f1ed6e4198e4762a1638bda96565542aa3ad83f15d79f83d9406f75cbae19a57","3C57AE7201E790C75E6BA49D015C4E665E706BABA72E58D117708A71C4B4C042","False"
"C:\Users\udayk\Videos\fenbrowser-test\FenBrowser.FenEngine\Storage\FileStorageBackend.cs","471","382","16598","382a174f58cfcfe940e4da3a0d6eaaec092d7018cc3deedfa3a94cb530acc696","FC2BF046B3846E7468B82A3197A24B520497C8709A85839EDC26899D83D39B9E","False"
"C:\Users\udayk\Videos\fenbrowser-test\FenBrowser.FenEngine\Storage\InMemoryStorageBackend.cs","238","195","7862","4842fc68e612f6d15b2b12389d586f4279bdfa5a984f091279ea35336f93e074","3DB9780ADE42BE511A08DF2CDF01B71537B04D78DDC93B39D916D136579620C8","False"
"C:\Users\udayk\Videos\fenbrowser-test\FenBrowser.FenEngine\Storage\IStorageBackend.cs","119","102","3824","6afa0bdf563539cb61f73e31927bc72ee293590a0319aa41c6956e8f78be4311","BC4C3A48FBA0393BEDA62B0EE74460572A9370D93AD0E9E2BADA983AEC4AC7D4","False"
"C:\Users\udayk\Videos\fenbrowser-test\FenBrowser.FenEngine\Storage\StorageUtils.cs","122","111","4277","6e65ce9235b13bffeed79ec82d4f7d855645314d53a73f4b1186416c43440dd7","21A2F17476296B97EB836CD2FED948A23B490D7F02DFB545771F7D4A7B110B97","False"
"C:\Users\udayk\Videos\fenbrowser-test\FenBrowser.FenEngine\TestFenEngine.cs","452","386","21302","6c93c4c8d156a8db029f4b218c8fd966e0a64707e516e97e92162513a6375783","59C649AA12D5F065E750D2D9B82B99B4A842080934556F6423727BC50860DE38","False"
"C:\Users\udayk\Videos\fenbrowser-test\FenBrowser.FenEngine\Testing\AcidTestRunner.cs","364","312","11111","bd5a91a9c7b06bef803827db0edca17fc909d7276ad5c4c3b304171b69b01f27","AEF793C3288FF1C729D61D5C40C7EA930F0B2000CABA0C87D833C36AC6BBCD2F","False"
"C:\Users\udayk\Videos\fenbrowser-test\FenBrowser.FenEngine\Testing\Test262Runner.cs","830","733","37038","20cabf99983b8aaa0e98ddddbd63b2967f318dceaee754a18168f7afb7fe7051","5D82519DF70EDF3C8ABE5AC792819EF2F505CD98F9790648C3E89CDA878CDC79","False"
"C:\Users\udayk\Videos\fenbrowser-test\FenBrowser.FenEngine\Testing\UsedValueComparator.cs","386","336","14588","58af5e8c076ae7c67e8ac84d5efe34a7bb5561af75343ab52d2d684bcdb3d57e","5A0404960779168690AF2D18218886590B5CC489DDC56480AB06CCC87254D7FD","False"
"C:\Users\udayk\Videos\fenbrowser-test\FenBrowser.FenEngine\Testing\VerificationRunner.cs","68","56","2646","b4054741abd2c2a63a0f9155c0cabb46f308eca3f03db994b97fc81323c46ac0","BA6B0E5F0A45F57BDC5C35BD052299859FE66AF20656B0E0D032ACEA5BE36BFF","False"
"C:\Users\udayk\Videos\fenbrowser-test\FenBrowser.FenEngine\Testing\WPTTestRunner.cs","486","424","18663","df8f7d3a4dc7a2d899f926906c9a3a0cde5127223a500f4f690e87d4ddcc3012","A5DF82418DCF6192DA9312AFF9CC56F8A3A2D943AE8DC57B462A271472439570","False"
"C:\Users\udayk\Videos\fenbrowser-test\FenBrowser.FenEngine\Typography\GlyphRun.cs","75","64","2026","dedaf870ded9143e6bf80730f39eb06b2197b3824b345f9659b3293d243454dd","7DB4E428DD11D42A9E6A0816EA06CEBADF1BEC49E491748DF270DC0867CF6C2F","False"
"C:\Users\udayk\Videos\fenbrowser-test\FenBrowser.FenEngine\Typography\IFontService.cs","71","67","2837","6c7399ac682918efa23265ff3f3a630dff3179a8b4920d3b9436bdef38a77be0","37DF053449A7D188D3F90AAF0F6B5F92FD8E80340EA95D7E81DCCD81B2E6E5E7","False"
"C:\Users\udayk\Videos\fenbrowser-test\FenBrowser.FenEngine\Typography\NormalizedFontMetrics.cs","103","91","3634","520b5efa7c97b159d8c9ba2f1fd1e2a16fe79106a3fd70cd0cb03dcb7711b3bd","D26B8BFBDA8FE80C29311DA23D2A94A39712168A0275C32A28D2A18209478000","False"
"C:\Users\udayk\Videos\fenbrowser-test\FenBrowser.FenEngine\Typography\SkiaFontService.cs","113","94","3847","f9db4823f649baabadd7213a0de15001ece8b9554b6e72f4208b6995c69941bc","2E817D35890E16D9D3CA27A3241DB4A1808DC1D718F0DBBD616F086FD6A78722","False"
"C:\Users\udayk\Videos\fenbrowser-test\FenBrowser.FenEngine\Typography\TextShaper.cs","281","235","9485","78842451dc934f84d16b8a5bd9b3a92c4b42ed3f84f5ede6e6287c0162b898e6","CF7D735ED03B3C455FB90E459188521700E08F7BC68E2DE831C5E996A42F1350","False"
"C:\Users\udayk\Videos\fenbrowser-test\FenBrowser.FenEngine\WebAPIs\Cache.cs","274","236","9857","e13bff5cfe88d38b854446cce883ff99fc51fd02a613b96aa8f0bddc26970191","A6DB0DDD6AA3453B8D2AAC9446759DA1DA3C3004261C14A6F7210A69F38C7576","False"
"C:\Users\udayk\Videos\fenbrowser-test\FenBrowser.FenEngine\WebAPIs\CacheStorage.cs","151","138","6116","c36b7af745694883380f763904a0ab41dfd467773c2d28fd13c6ecfecc7e3214","C4C50E093EB1B8E41243A86F5361BB9C1854F0B7595EFF44C5DDA3657B410645","False"
"C:\Users\udayk\Videos\fenbrowser-test\FenBrowser.FenEngine\WebAPIs\FetchApi.cs","553","475","23839","5b4adb2ddf2c2bdf8ad8360a4990cdcaa4a6efe4f183512c8de6d248f63071c9","527A9F1B9C56CFAB0273C0FA89B91D24486CF94996EC73F49077B8828C7CDB4D","False"
"C:\Users\udayk\Videos\fenbrowser-test\FenBrowser.FenEngine\WebAPIs\FetchEvent.cs","280","236","9398","76971783f576844c3569ee7fcf3de0f36cd639855e7293e0f8cbbb459d385248","E61F4B70E0F87F209D09FE3CC1E42642892F4E3DCA9ADC0B4CC72E4804D78872","False"
"C:\Users\udayk\Videos\fenbrowser-test\FenBrowser.FenEngine\WebAPIs\IndexedDBService.cs","134","111","5439","e96a19f43414e297b8461fac9fed4f9a0476b98f3981440c380f84fbec99af55","97D74C2A37300648FF9D4EB5E25FA27ECC88370DCF68C27063BBE16400641AA5","False"
"C:\Users\udayk\Videos\fenbrowser-test\FenBrowser.FenEngine\WebAPIs\IntersectionObserverAPI.cs","118","103","4787","c9d3e55c024499c951ddd4bc294d7ef560af87e7ac5580877375e9639fd17038","B1DC514F67EC8AFD489F5B5C1848B63A8FCD726B5F737511D89C1391E0C68464","False"
"C:\Users\udayk\Videos\fenbrowser-test\FenBrowser.FenEngine\WebAPIs\ResizeObserverAPI.cs","87","76","3306","aaaff9e05ad11e7fc5960c04db87ee2a89b64594d158cbe25985168dfa6fa2fc","187A1EEEB44209C71BBCA126536A4D4AB0C67483293A5CF0A18D9015AD12C76B","False"
"C:\Users\udayk\Videos\fenbrowser-test\FenBrowser.FenEngine\WebAPIs\StorageApi.cs","352","308","13649","abfa9677a41f09644f7f441951fda5cbeac5dd8fae030ad252d905f18d177b3c","A46D6B847E7DD614C496D452201685187A849E1D4E7C98D7508D40FA39030EE5","False"
"C:\Users\udayk\Videos\fenbrowser-test\FenBrowser.FenEngine\WebAPIs\TestConsoleCapture.cs","177","153","6311","6b17afa9be1fa83d06050dd3fcf2deefc08ec6c48e086d1314f02243a72e1863","6328F1D39C0C10A3ED5A8AEE825FEBDE958226541855090E1E10741F8A365D47","False"
"C:\Users\udayk\Videos\fenbrowser-test\FenBrowser.FenEngine\WebAPIs\TestHarnessAPI.cs","326","289","11636","cae1595d0f451c7b4418b191a59f44a4c4bf0b889dc7b7924b258ab340a36521","F7AB7F0D785980F96B417F808BA6CB44F827F005D9819D75F57B1905B67D7F27","False"
"C:\Users\udayk\Videos\fenbrowser-test\FenBrowser.FenEngine\WebAPIs\WebAPIs.cs","296","260","11558","b4e577361a24b0564570c34e40c02d8d036591ac7daab197c7aabf7f11333a83","40F84B93B38B9461F87675FE9067791D7D350B9AB127F5A62B17C2556C9DE25B","False"
"C:\Users\udayk\Videos\fenbrowser-test\FenBrowser.FenEngine\WebAPIs\WebAudioAPI.cs","401","343","17521","f1ad6d4318ef18cb6bd5c7bf68546f320cb598fb4669ba9688dac37662053a1d","073F9211543E1545DE98BAB77CE82B158D20A9C51165BBCC3CBFAF0F03BDADE9","False"
"C:\Users\udayk\Videos\fenbrowser-test\FenBrowser.FenEngine\WebAPIs\WebRTCAPI.cs","364","322","16424","054985f2cf5bdeec0a6db484468a23e78e0e7d988a1371079fb52e2cbdc047f6","C6AC78596527F131FE055AAE7393B3CEE5385B78722A0C6B38DD99F9DDFC07CD","False"
"C:\Users\udayk\Videos\fenbrowser-test\FenBrowser.FenEngine\WebAPIs\XMLHttpRequest.cs","207","176","9389","3caca26d4ba4cf1820b5fa19fafb5942126f63930b027aeacc92e3b7b0b7f7ac","C34A3FF32CF93C229734C5BF5B5322271CCDABB82F4379CC69663D682641DB16","False"
"C:\Users\udayk\Videos\fenbrowser-test\FenBrowser.FenEngine\Workers\ServiceWorker.cs","164","138","5736","b277a5b94f43ccdef5fd61924b63fe8dce183a99aadd420048874a02dffd2a2b","65346A1F05E44E90F783F4849810B09C99B57DB3D7531B76440F8AA2A19F8AA4","False"
"C:\Users\udayk\Videos\fenbrowser-test\FenBrowser.FenEngine\Workers\ServiceWorkerClients.cs","166","143","6338","744ea858b8ed3d213b9ec00687472efabb738cb06e90b9c39347573935c8547c","140D5F3EDF0661C0730C8C2EB504894C1D544C5B570033520543E2AF0C6DA0E2","False"
"C:\Users\udayk\Videos\fenbrowser-test\FenBrowser.FenEngine\Workers\ServiceWorkerContainer.cs","252","221","8972","2acbf1ec5af797261343ec14f52b100fe61497360f509b6940c686ef748a1c91","4B75007C7F39EEC50C18645A1A9915212F3C3379EEEBA183BB704AB9A7F5EB21","False"
"C:\Users\udayk\Videos\fenbrowser-test\FenBrowser.FenEngine\Workers\ServiceWorkerGlobalScope.cs","110","96","4325","8ae6a821e23415e0ae03a12f61bc118ede2d857065647c1ad5e56823a8c92cbd","36B6D8BB901C763F72D12CCAB001E9A466A87FBA96E4ECF12861B9A7F76BB985","False"
"C:\Users\udayk\Videos\fenbrowser-test\FenBrowser.FenEngine\Workers\ServiceWorkerManager.cs","366","306","13850","738a5b1ee0dfc665183a469b27088b8b441d4ac24ee91bafe3e64a3a5ced4c44","76F79EF3C76D1279120CA9073E2BD674A2610C8E5F3C3C47C6E7362F9AFE9F82","False"
"C:\Users\udayk\Videos\fenbrowser-test\FenBrowser.FenEngine\Workers\ServiceWorkerRegistration.cs","124","110","4567","b00377a1a3fe098713e65cf89894ea6163834815e8a3fed0ba2d5e0e1b7d0316","48B00AA865EDC2224F35D29757DB9AF038E679AAA82D5D2D737ABC746CFF9458","False"
"C:\Users\udayk\Videos\fenbrowser-test\FenBrowser.FenEngine\Workers\StructuredClone.cs","183","159","5780","5fb916e4c7f1786c0f0af4d9e2c1261c1a7931f68ce064ca26db66b76587e2e7","E16FD0A86828C8CD289F87343A73C29A27D4932526B0FCCB04EAD5D22A991496","False"
"C:\Users\udayk\Videos\fenbrowser-test\FenBrowser.FenEngine\Workers\WorkerConstructor.cs","214","186","7741","75a29f0adc443615501f266ad06cf2e364a8bce39c3bcc178f7d586bdcb08a45","B28FB6CD0D6CD650387B4A333D6420D51173EBF98C4A35B52B67059FCB9B0618","False"
"C:\Users\udayk\Videos\fenbrowser-test\FenBrowser.FenEngine\Workers\WorkerGlobalScope.cs","401","351","15068","08b374b1a53c28de49847c196acf619b0447f9eb58355fed8cbc0e43a555875d","946FE9C81FE91A10F9542B52F8702F2851926FD982F295AFB488B27D874FCB89","False"
"C:\Users\udayk\Videos\fenbrowser-test\FenBrowser.FenEngine\Workers\WorkerRuntime.cs","505","433","19251","3478b712206968b4d378c953037bf2cd23a2cb4927d172e4dd89744e416f8417","2C9C1CD4DF05961235802BE94C0B0477A574F5389787A9CB96CC65D4CF3DE518","False"
